index,brand,model,cores,base_clock,boost_clock,integrated_graphics,multithreading,price
0,AMD,2650,2,"{'cycles': 1450000000}",NULL,"Radeon HD 8240",0,NULL
1,AMD,3850,4,"{'cycles': 1300000000}",NULL,"Radeon HD 8280",0,NULL
2,AMD,5150,4,"{'cycles': 1600000000}",NULL,"Radeon HD 8400",0,NULL
3,AMD,5350,4,"{'cycles': 2049999999}",NULL,"Radeon HD 8400",0,NULL
4,AMD,5350,4,"{'cycles': 2049999999}",NULL,"Radeon HD 8400",0,NULL
5,AMD,A10-5700,4,"{'cycles': 3400000000}",NULL,"Radeon HD 7660D",0,NULL
6,AMD,A10-5800K,4,"{'cycles': 3800000000}",NULL,"Radeon HD 7660D",0,NULL
7,AMD,A10-6700,4,"{'cycles': 3700000000}",NULL,"Radeon HD 8670D",0,NULL
8,AMD,A10-6700T,4,"{'cycles': 2500000000}","{'cycles': 3500000000}","Radeon HD 8650D",0,NULL
9,AMD,A10-6790B,4,"{'cycles': 4000000000}",NULL,"Radeon HD 8670D",0,NULL
10,AMD,A10-6790K,4,"{'cycles': 4000000000}","{'cycles': 4300000000}","Radeon HD 8670D",0,NULL
11,AMD,A10-6800B,4,"{'cycles': 4099999999}","{'cycles': 4400000000}","Radeon HD 8670D",0,NULL
12,AMD,A10-6800K,4,"{'cycles': 4099999999}",NULL,"Radeon HD 8670D",0,NULL
13,AMD,A10-7700K,4,"{'cycles': 3400000000}","{'cycles': 3800000000}","Radeon R7 (on-die)",0,NULL
14,AMD,A10-7700K,4,"{'cycles': 3400000000}","{'cycles': 3800000000}","Radeon R7 (on-die)",0,NULL
15,AMD,A10-7800,4,"{'cycles': 3500000000}","{'cycles': 3900000000}","Radeon R7 (on-die)",0,NULL
16,AMD,A10-7850K,4,"{'cycles': 3700000000}","{'cycles': 4000000000}","Radeon R7 (on-die)",0,NULL
17,AMD,A10-7850K,4,"{'cycles': 3700000000}","{'cycles': 4000000000}","Radeon R7 (on-die)",0,NULL
18,AMD,A10-7860k,4,"{'cycles': 3600000000}","{'cycles': 4000000000}","Radeon R7 (on-die)",0,NULL
19,AMD,A10-7870K,4,"{'cycles': 3900000000}","{'cycles': 4099999999}","Radeon R7 (on-die)",0,NULL
20,AMD,A10-7890K,4,"{'cycles': 4099999999}","{'cycles': 4300000000}","Radeon R7 (on-die)",0,NULL
21,AMD,A10-9700,4,"{'cycles': 3500000000}","{'cycles': 3800000000}","Radeon R7 (on-die)",0,NULL
22,AMD,A10-9700E,4,"{'cycles': 3000000000}","{'cycles': 3500000000}","Radeon R7 (on-die)",0,NULL
23,AMD,A12-9800,4,"{'cycles': 3800000000}","{'cycles': 4200000000}","Radeon R7 (on-die)",0,NULL
24,AMD,A12-9800E,4,"{'cycles': 3100000000}","{'cycles': 3800000000}","Radeon R7 (on-die)",0,NULL
25,AMD,A4-3300,2,"{'cycles': 2500000000}",NULL,"Radeon HD 6410D",0,NULL
26,AMD,A4-3300,2,"{'cycles': 2500000000}",NULL,"Radeon HD 6410D",0,NULL
27,AMD,A4-3400,2,"{'cycles': 2700000000}",NULL,"Radeon HD 6410D",0,NULL
28,AMD,A4-3400,2,"{'cycles': 2700000000}",NULL,"Radeon HD 6410D",0,NULL
29,AMD,A4-3420,2,"{'cycles': 2800000000}",NULL,"Radeon HD 6410D",0,NULL
30,AMD,A4-3450,2,"{'cycles': 2900000000}",NULL,NULL,0,NULL
31,AMD,A4-4000,2,"{'cycles': 3000000000}",NULL,"Radeon HD 7480D",0,NULL
32,AMD,A4-4000,2,"{'cycles': 3000000000}",NULL,"Radeon HD 7480D",0,NULL
33,AMD,A4-4020,2,"{'cycles': 3200000000}","{'cycles': 3400000000}","Radeon HD 7480D",0,NULL
34,AMD,A4-5300,2,"{'cycles': 3400000000}",NULL,"Radeon HD 7480D",0,NULL
35,AMD,A4-5300,2,"{'cycles': 3400000000}",NULL,"Radeon HD 7480D",0,NULL
36,AMD,A4-6300,2,"{'cycles': 3700000000}","{'cycles': 3900000000}","Radeon HD 8370D",0,NULL
37,AMD,A4-6300B,2,"{'cycles': 3700000000}","{'cycles': 3900000000}","Radeon HD 8370D",0,NULL
38,AMD,A4-6320,2,"{'cycles': 3800000000}","{'cycles': 4000000000}","Radeon HD 8370D",0,NULL
39,AMD,A4-7300,2,"{'cycles': 3800000000}","{'cycles': 4000000000}","Radeon HD 8470D",0,NULL
40,AMD,A6-3500,3,"{'cycles': 2100000000}",NULL,"Radeon HD 6530D",0,NULL
41,AMD,A6-3650,4,"{'cycles': 2600000000}",NULL,"Radeon HD 6530D",0,NULL
42,AMD,A6-3670K,4,"{'cycles': 2700000000}",NULL,"Radeon HD 6530D",0,NULL
43,AMD,A6-5400K,2,"{'cycles': 3600000000}",NULL,"Radeon HD 7540D",0,NULL
44,AMD,A6-6400K,2,"{'cycles': 3900000000}",NULL,"Radeon HD 8470D",0,NULL
45,AMD,A6-6420K,2,"{'cycles': 4000000000}","{'cycles': 4200000000}","Radeon HD 8000 Series",0,NULL
46,AMD,A6-7400K,2,"{'cycles': 3500000000}","{'cycles': 3900000000}","Radeon R5 (on die)",0,NULL
47,AMD,A6-7470K,2,"{'cycles': 3700000000}","{'cycles': 4000000000}","Radeon R5 (on die)",0,NULL
48,AMD,A6-7470K,2,"{'cycles': 3700000000}","{'cycles': 4000000000}","Radeon R5 (on die)",0,NULL
49,AMD,A6-7480,2,"{'cycles': 3500000000}","{'cycles': 3800000000}","Radeon R5 (on die)",0,NULL
50,AMD,A6-9500,2,"{'cycles': 3500000000}","{'cycles': 3800000000}","Radeon R5 (on die)",0,NULL
51,AMD,A6-9500E,2,"{'cycles': 3000000000}","{'cycles': 3400000000}","Radeon R5 (on die)",0,NULL
52,AMD,A6-9550,2,"{'cycles': 3800000000}","{'cycles': 4000000000}","Radeon R5 (on die)",0,NULL
53,AMD,A8-3850,4,"{'cycles': 2900000000}",NULL,"Radeon HD 6550D",0,NULL
54,AMD,A8-3870K,4,"{'cycles': 3000000000}",NULL,"Radeon HD 6550D",0,NULL
55,AMD,A8-5500,4,"{'cycles': 3200000000}",NULL,"Radeon HD 7560D",0,NULL
56,AMD,A8-5600K,4,"{'cycles': 3600000000}",NULL,"Radeon HD 7560D",0,NULL
57,AMD,A8-6500,4,"{'cycles': 3500000000}",NULL,"Radeon HD 8570D",0,NULL
58,AMD,A8-6600K,4,"{'cycles': 3900000000}",NULL,"Radeon HD 8570D",0,NULL
59,AMD,A8-7600,4,"{'cycles': 3100000000}","{'cycles': 3800000000}","Radeon R7 (on-die)",0,NULL
60,AMD,A8-7650K,4,"{'cycles': 3300000000}","{'cycles': 3700000000}","Radeon R7 (on-die)",0,NULL
61,AMD,A8-7670K,4,"{'cycles': 3600000000}","{'cycles': 3900000000}","Radeon R7 (on-die)",0,NULL
62,AMD,A8-7680,4,"{'cycles': 3500000000}","{'cycles': 3800000000}","Radeon R7 (on-die)",0,NULL
63,AMD,A8-9600,4,"{'cycles': 3100000000}","{'cycles': 3400000000}","Radeon R7 (on-die)",0,NULL
64,AMD,"Athlon 200GE",2,"{'cycles': 3200000000}",NULL,"Radeon Vega 3",1,NULL
65,AMD,"Athlon 200GE",2,"{'cycles': 3200000000}",NULL,"Radeon Vega 3",1,NULL
66,AMD,"Athlon 220GE",2,"{'cycles': 3400000000}",NULL,"Radeon Vega 3",1,NULL
67,AMD,"Athlon 220GE",2,"{'cycles': 3400000000}",NULL,"Radeon Vega 3",1,NULL
68,AMD,"Athlon 240GE",2,"{'cycles': 3500000000}",NULL,"Radeon Vega 3",1,NULL
69,AMD,"Athlon 240GE",2,"{'cycles': 3500000000}",NULL,"Radeon Vega 3",1,NULL
70,AMD,"Athlon 3000G",2,"{'cycles': 3500000000}",NULL,"Radeon Vega 3",1,NULL
71,AMD,"Athlon 5370",4,"{'cycles': 2200000000}",NULL,"Radeon R3 (on die)",0,NULL
72,AMD,"Athlon II 160u",1,"{'cycles': 1800000000}",NULL,NULL,0,NULL
73,AMD,"Athlon II X2 215",2,"{'cycles': 2700000000}",NULL,NULL,0,NULL
74,AMD,"Athlon II X2 220",2,"{'cycles': 2800000000}",NULL,NULL,0,NULL
75,AMD,"Athlon II X2 221",2,"{'cycles': 2800000000}",NULL,NULL,0,NULL
76,AMD,"Athlon II X2 235e",2,"{'cycles': 2700000000}",NULL,NULL,0,NULL
77,AMD,"Athlon II X2 240",2,"{'cycles': 2800000000}",NULL,NULL,0,NULL
78,AMD,"Athlon II X2 240",2,"{'cycles': 2800000000}",NULL,NULL,0,NULL
79,AMD,"Athlon II X2 240e",2,"{'cycles': 2800000000}",NULL,NULL,0,NULL
80,AMD,"Athlon II X2 245",2,"{'cycles': 2900000000}",NULL,NULL,0,NULL
81,AMD,"Athlon II X2 245e",2,"{'cycles': 2900000000}",NULL,NULL,0,NULL
82,AMD,"Athlon II X2 250",2,"{'cycles': 3000000000}",NULL,NULL,0,NULL
83,AMD,"Athlon II X2 250",2,"{'cycles': 3000000000}",NULL,NULL,0,NULL
84,AMD,"Athlon II X2 250u",2,"{'cycles': 1600000000}",NULL,NULL,0,NULL
85,AMD,"Athlon II X2 255",2,"{'cycles': 3100000000}",NULL,NULL,0,NULL
86,AMD,"Athlon II X2 255",2,"{'cycles': 3100000000}",NULL,NULL,0,NULL
87,AMD,"Athlon II X2 260",2,"{'cycles': 3200000000}",NULL,NULL,0,NULL
88,AMD,"Athlon II X2 260u",2,"{'cycles': 1800000000}",NULL,NULL,0,NULL
89,AMD,"Athlon II X2 265",2,"{'cycles': 3200000000}",NULL,NULL,0,NULL
90,AMD,"Athlon II X2 270",2,"{'cycles': 3400000000}",NULL,NULL,0,NULL
91,AMD,"Athlon II X3 400e",3,"{'cycles': 2200000000}",NULL,NULL,0,NULL
92,AMD,"Athlon II X3 405e",3,"{'cycles': 2300000000}",NULL,NULL,0,NULL
93,AMD,"Athlon II X3 415e",3,"{'cycles': 2500000000}",NULL,NULL,0,NULL
94,AMD,"Athlon II X3 425",3,"{'cycles': 2700000000}",NULL,NULL,0,NULL
95,AMD,"Athlon II X3 435",3,"{'cycles': 2900000000}",NULL,NULL,0,NULL
96,AMD,"Athlon II X3 435",3,"{'cycles': 2900000000}",NULL,NULL,0,NULL
97,AMD,"Athlon II X3 440",3,"{'cycles': 3000000000}",NULL,NULL,0,NULL
98,AMD,"Athlon II X3 445",3,"{'cycles': 3100000000}",NULL,NULL,0,NULL
99,AMD,"Athlon II X3 450",3,"{'cycles': 3200000000}",NULL,NULL,0,NULL
100,AMD,"Athlon II X3 455",3,"{'cycles': 3300000000}",NULL,NULL,0,NULL
101,AMD,"Athlon II X3 460",3,"{'cycles': 3400000000}",NULL,NULL,0,NULL
102,AMD,"Athlon II X4 600e",4,"{'cycles': 2200000000}",NULL,NULL,0,NULL
103,AMD,"Athlon II X4 605e",4,"{'cycles': 2300000000}",NULL,NULL,0,NULL
104,AMD,"Athlon II X4 610e",4,"{'cycles': 2400000000}",NULL,NULL,0,NULL
105,AMD,"Athlon II X4 620",4,"{'cycles': 2600000000}",NULL,NULL,0,NULL
106,AMD,"Athlon II X4 620",4,"{'cycles': 2600000000}",NULL,NULL,0,NULL
107,AMD,"Athlon II X4 630",4,"{'cycles': 2800000000}",NULL,NULL,0,NULL
108,AMD,"Athlon II X4 630",4,"{'cycles': 2800000000}",NULL,NULL,0,NULL
109,AMD,"Athlon II X4 630",4,"{'cycles': 2800000000}",NULL,NULL,0,NULL
110,AMD,"Athlon II X4 631",4,"{'cycles': 2600000000}",NULL,NULL,0,NULL
111,AMD,"Athlon II X4 635",4,"{'cycles': 2900000000}",NULL,NULL,0,NULL
112,AMD,"Athlon II X4 635",4,"{'cycles': 2900000000}",NULL,NULL,0,NULL
113,AMD,"Athlon II X4 638",4,"{'cycles': 2700000000}",NULL,NULL,0,NULL
114,AMD,"Athlon II X4 640",4,"{'cycles': 3000000000}",NULL,NULL,0,NULL
115,AMD,"Athlon II X4 640",4,"{'cycles': 3000000000}",NULL,NULL,0,NULL
116,AMD,"Athlon II X4 641",4,"{'cycles': 2800000000}",NULL,NULL,0,NULL
117,AMD,"Athlon II X4 645",4,"{'cycles': 3100000000}",NULL,NULL,0,NULL
118,AMD,"Athlon II X4 651",4,"{'cycles': 3000000000}",NULL,NULL,0,NULL
119,AMD,"Athlon II X4 651K",4,"{'cycles': 3000000000}",NULL,NULL,0,NULL
120,AMD,"Athlon X2 340",2,"{'cycles': 3200000000}",NULL,NULL,0,NULL
121,AMD,"Athlon X2 350",2,"{'cycles': 3500000000}","{'cycles': 3900000000}",NULL,0,NULL
122,AMD,"Athlon X2 370K",2,"{'cycles': 4200000000}",NULL,NULL,0,NULL
123,AMD,"Athlon X2 450",2,"{'cycles': 3500000000}","{'cycles': 3900000000}",NULL,0,NULL
124,AMD,"Athlon X4 530",4,"{'cycles': 2000000000}",NULL,NULL,0,NULL
125,AMD,"Athlon X4 550",4,"{'cycles': 2200000000}",NULL,NULL,0,NULL
126,AMD,"Athlon X4 740",4,"{'cycles': 3200000000}",NULL,NULL,0,NULL
127,AMD,"Athlon X4 750K",4,"{'cycles': 3400000000}",NULL,NULL,0,NULL
128,AMD,"Athlon X4 760K",4,"{'cycles': 3800000000}","{'cycles': 4099999999}",NULL,0,NULL
129,AMD,"Athlon X4 840",4,"{'cycles': 3100000000}","{'cycles': 3800000000}",NULL,0,NULL
130,AMD,"Athlon X4 845",4,"{'cycles': 3500000000}","{'cycles': 3800000000}",NULL,0,NULL
131,AMD,"Athlon X4 860K",4,"{'cycles': 3700000000}","{'cycles': 4000000000}",NULL,0,NULL
132,AMD,"Athlon X4 870K",4,"{'cycles': 3900000000}","{'cycles': 4099999999}",NULL,0,NULL
133,AMD,"Athlon X4 880K",4,"{'cycles': 4000000000}","{'cycles': 4200000000}",NULL,0,NULL
134,AMD,"Athlon X4 940",4,"{'cycles': 3200000000}","{'cycles': 3600000000}",NULL,0,NULL
135,AMD,"Athlon X4 950",4,"{'cycles': 3500000000}","{'cycles': 3800000000}",NULL,0,NULL
136,AMD,"Athlon X4 970",4,"{'cycles': 3800000000}","{'cycles': 4000000000}",NULL,0,NULL
137,AMD,"E-Series E-450",2,"{'cycles': 1650000000}",NULL,NULL,0,NULL
138,AMD,E2-3200,2,"{'cycles': 2400000000}",NULL,"Radeon HD 6370D",0,NULL
139,AMD,FX-4100,4,"{'cycles': 3600000000}",NULL,NULL,0,NULL
140,AMD,FX-4130,4,"{'cycles': 3800000000}",NULL,NULL,0,NULL
141,AMD,FX-4150,4,"{'cycles': 4000000000}","{'cycles': 4099999999}",NULL,0,NULL
142,AMD,FX-4170,4,"{'cycles': 4200000000}",NULL,NULL,0,NULL
143,AMD,FX-4200,4,"{'cycles': 3300000000}",NULL,NULL,0,NULL
144,AMD,FX-4300,4,"{'cycles': 3800000000}",NULL,NULL,0,NULL
145,AMD,FX-4320,4,"{'cycles': 4000000000}","{'cycles': 4200000000}",NULL,0,NULL
146,AMD,FX-4350,4,"{'cycles': 4200000000}",NULL,NULL,0,NULL
147,AMD,FX-6100,6,"{'cycles': 3300000000}",NULL,NULL,0,NULL
148,AMD,FX-6120,6,"{'cycles': 3500000000}","{'cycles': 4099999999}",NULL,0,NULL
149,AMD,FX-6130,6,"{'cycles': 3600000000}","{'cycles': 3900000000}",NULL,0,NULL
150,AMD,FX-6200,6,"{'cycles': 3800000000}",NULL,NULL,0,NULL
151,AMD,FX-6300,6,"{'cycles': 3500000000}",NULL,NULL,0,NULL
152,AMD,FX-6300,6,"{'cycles': 3500000000}",NULL,NULL,0,NULL
153,AMD,FX-6350,6,"{'cycles': 3900000000}",NULL,NULL,0,NULL
154,AMD,FX-8100,8,"{'cycles': 2800000000}",NULL,NULL,0,NULL
155,AMD,FX-8120,8,"{'cycles': 3100000000}",NULL,NULL,0,NULL
156,AMD,FX-8140,8,"{'cycles': 3200000000}","{'cycles': 4099999999}",NULL,0,NULL
157,AMD,FX-8150,8,"{'cycles': 3600000000}",NULL,NULL,0,NULL
158,AMD,FX-8300,8,"{'cycles': 3300000000}",NULL,NULL,0,NULL
159,AMD,FX-8300,8,"{'cycles': 3300000000}",NULL,NULL,0,NULL
160,AMD,FX-8310,8,"{'cycles': 3400000000}","{'cycles': 4300000000}",NULL,0,NULL
161,AMD,FX-8320,8,"{'cycles': 3500000000}",NULL,NULL,0,NULL
162,AMD,FX-8320,8,"{'cycles': 3500000000}",NULL,NULL,0,NULL
163,AMD,FX-8320E,8,"{'cycles': 3200000000}","{'cycles': 4000000000}",NULL,0,NULL
164,AMD,FX-8350,8,"{'cycles': 4000000000}",NULL,NULL,0,NULL
165,AMD,FX-8350,8,"{'cycles': 4000000000}",NULL,NULL,0,NULL
166,AMD,FX-8350,8,"{'cycles': 4000000000}",NULL,NULL,0,NULL
167,AMD,FX-8370,8,"{'cycles': 4000000000}","{'cycles': 4300000000}",NULL,0,NULL
168,AMD,FX-8370E,8,"{'cycles': 3300000000}","{'cycles': 4300000000}",NULL,0,NULL
169,AMD,FX-9370,8,"{'cycles': 4400000000}","{'cycles': 4700000000}",NULL,0,NULL
170,AMD,FX-9370,8,"{'cycles': 4400000000}","{'cycles': 4700000000}",NULL,0,NULL
171,AMD,FX-9590,8,"{'cycles': 4700000000}","{'cycles': 5000000000}",NULL,0,NULL
172,AMD,FX-9590,8,"{'cycles': 4700000000}","{'cycles': 5000000000}",NULL,0,NULL
173,AMD,"Opteron 4386",8,"{'cycles': 3100000000}","{'cycles': 3800000000}",NULL,0,NULL
174,AMD,"Opteron 6320",8,"{'cycles': 2800000000}","{'cycles': 3300000000}",NULL,0,NULL
175,AMD,"Opteron 6320",8,"{'cycles': 2800000000}","{'cycles': 3300000000}",NULL,0,NULL
176,AMD,"Opteron 6328",8,"{'cycles': 3200000000}","{'cycles': 3800000000}",NULL,0,NULL
177,AMD,"Opteron 6328",8,"{'cycles': 3200000000}","{'cycles': 3800000000}",NULL,0,NULL
178,AMD,"Opteron 6344",12,"{'cycles': 2600000000}","{'cycles': 3200000000}",NULL,0,NULL
179,AMD,"Opteron 6344",12,"{'cycles': 2600000000}","{'cycles': 3200000000}",NULL,0,NULL
180,AMD,"Opteron 6378",16,"{'cycles': 2400000000}","{'cycles': 3300000000}",NULL,0,NULL
181,AMD,"Opteron 6378",16,"{'cycles': 2400000000}","{'cycles': 3300000000}",NULL,0,NULL
182,AMD,"Phenom II X2 545",2,"{'cycles': 3000000000}",NULL,NULL,0,NULL
183,AMD,"Phenom II X2 550",2,"{'cycles': 3100000000}",NULL,NULL,0,NULL
184,AMD,"Phenom II X2 550 Black",2,"{'cycles': 3100000000}",NULL,NULL,0,NULL
185,AMD,"Phenom II X2 555 Black",2,"{'cycles': 3200000000}",NULL,NULL,0,NULL
186,AMD,"Phenom II X2 560 Black",2,"{'cycles': 3300000000}",NULL,NULL,0,NULL
187,AMD,"Phenom II X2 565 Black",2,"{'cycles': 3400000000}",NULL,NULL,0,NULL
188,AMD,"Phenom II X2 B59",2,"{'cycles': 3400000000}",NULL,NULL,0,NULL
189,AMD,"Phenom II X3 705e",3,"{'cycles': 2500000000}",NULL,NULL,0,NULL
190,AMD,"Phenom II X3 710",3,"{'cycles': 2600000000}",NULL,NULL,0,NULL
191,AMD,"Phenom II X3 715 Black",3,"{'cycles': 2800000000}",NULL,NULL,0,NULL
192,AMD,"Phenom II X3 720",3,"{'cycles': 2800000000}",NULL,NULL,0,NULL
193,AMD,"Phenom II X3 720 Black",3,"{'cycles': 2800000000}",NULL,NULL,0,NULL
194,AMD,"Phenom II X3 740 Black",3,"{'cycles': 3000000000}",NULL,NULL,0,NULL
195,AMD,"Phenom II X4 805",4,"{'cycles': 2500000000}",NULL,NULL,0,NULL
196,AMD,"Phenom II X4 810",4,"{'cycles': 2600000000}",NULL,NULL,0,NULL
197,AMD,"Phenom II X4 820",4,"{'cycles': 2800000000}",NULL,NULL,0,NULL
198,AMD,"Phenom II X4 830",4,"{'cycles': 2800000000}",NULL,NULL,0,NULL
199,AMD,"Phenom II X4 840",4,"{'cycles': 3200000000}",NULL,NULL,0,NULL
200,AMD,"Phenom II X4 905e",4,"{'cycles': 2500000000}",NULL,NULL,0,NULL
201,AMD,"Phenom II X4 910",4,"{'cycles': 2600000000}",NULL,NULL,0,NULL
202,AMD,"Phenom II X4 910e",4,"{'cycles': 2600000000}",NULL,NULL,0,NULL
203,AMD,"Phenom II X4 920",4,"{'cycles': 2800000000}",NULL,NULL,0,NULL
204,AMD,"Phenom II X4 925",4,"{'cycles': 2800000000}",NULL,NULL,0,NULL
205,AMD,"Phenom II X4 940 Black",4,"{'cycles': 3000000000}",NULL,NULL,0,NULL
206,AMD,"Phenom II X4 945",4,"{'cycles': 3000000000}",NULL,NULL,0,NULL
207,AMD,"Phenom II X4 955",4,"{'cycles': 3200000000}",NULL,NULL,0,NULL
208,AMD,"Phenom II X4 955 Black",4,"{'cycles': 3200000000}",NULL,NULL,0,NULL
209,AMD,"Phenom II X4 960T Black",4,"{'cycles': 3000000000}",NULL,NULL,0,NULL
210,AMD,"Phenom II X4 965",4,"{'cycles': 3400000000}",NULL,NULL,0,NULL
211,AMD,"Phenom II X4 965 Black",4,"{'cycles': 3400000000}",NULL,NULL,0,NULL
212,AMD,"Phenom II X4 965 Black (140W)",4,"{'cycles': 3400000000}",NULL,NULL,0,NULL
213,AMD,"Phenom II X4 970",4,"{'cycles': 3500000000}",NULL,NULL,0,NULL
214,AMD,"Phenom II X4 970 Black",4,"{'cycles': 3500000000}",NULL,NULL,0,NULL
215,AMD,"Phenom II X4 975",4,"{'cycles': 3600000000}",NULL,NULL,0,NULL
216,AMD,"Phenom II X4 975",4,"{'cycles': 3600000000}",NULL,NULL,0,NULL
217,AMD,"Phenom II X4 980 Black",4,"{'cycles': 3700000000}",NULL,NULL,0,NULL
218,AMD,"Phenom II X4 B99",4,"{'cycles': 3300000000}",NULL,NULL,0,NULL
219,AMD,"Phenom II X6 1035T",6,"{'cycles': 2600000000}",NULL,NULL,0,NULL
220,AMD,"Phenom II X6 1045T",6,"{'cycles': 2700000000}",NULL,NULL,0,NULL
221,AMD,"Phenom II X6 1055T",6,"{'cycles': 2800000000}",NULL,NULL,0,NULL
222,AMD,"Phenom II X6 1055T",6,"{'cycles': 2800000000}",NULL,NULL,0,NULL
223,AMD,"Phenom II X6 1065T",6,"{'cycles': 2700000000}",NULL,NULL,0,NULL
224,AMD,"Phenom II X6 1075T",6,"{'cycles': 3000000000}",NULL,NULL,0,NULL
225,AMD,"Phenom II X6 1090T Black",6,"{'cycles': 3200000000}",NULL,NULL,0,NULL
226,AMD,"Phenom II X6 1100T Black",6,"{'cycles': 3300000000}",NULL,NULL,0,NULL
227,AMD,"Pro A10-7800B",4,"{'cycles': 3500000000}","{'cycles': 3900000000}","Radeon R7 (on-die)",0,NULL
228,AMD,"Pro A10-7850B",4,"{'cycles': 3700000000}","{'cycles': 4000000000}","Radeon R7 (on-die)",0,NULL
229,AMD,"Pro A4-7300B",2,"{'cycles': 3800000000}","{'cycles': 4000000000}","Radeon HD 8470D",0,NULL
230,AMD,"Pro A6-7400B",2,"{'cycles': 3500000000}","{'cycles': 3900000000}","Radeon R5 (on die)",0,NULL
231,AMD,"Pro A8-7600B",4,"{'cycles': 3100000000}","{'cycles': 3800000000}","Radeon R7 (on-die)",0,NULL
232,AMD,"Ryzen 3 1200 (12nm)",4,"{'cycles': 3100000000}","{'cycles': 3400000000}",NULL,0,NULL
233,AMD,"Ryzen 3 1200 (14nm)",4,"{'cycles': 3100000000}","{'cycles': 3400000000}",NULL,0,NULL
234,AMD,"Ryzen 3 1300X",4,"{'cycles': 3500000000}","{'cycles': 3700000000}",NULL,0,NULL
235,AMD,"Ryzen 3 2200G",4,"{'cycles': 3500000000}","{'cycles': 3700000000}","Radeon Vega 8",0,NULL
236,AMD,"Ryzen 3 3100",4,"{'cycles': 3600000000}","{'cycles': 3900000000}",NULL,1,NULL
237,AMD,"Ryzen 3 3200G",4,"{'cycles': 3600000000}","{'cycles': 4000000000}","Radeon Vega 8",0,NULL
238,AMD,"Ryzen 3 3200G",4,"{'cycles': 3600000000}","{'cycles': 4000000000}","Radeon Vega 8",0,NULL
239,AMD,"Ryzen 3 3300X",4,"{'cycles': 3800000000}","{'cycles': 4300000000}",NULL,1,NULL
240,AMD,"Ryzen 5 1400",4,"{'cycles': 3200000000}","{'cycles': 3400000000}",NULL,1,NULL
241,AMD,"Ryzen 5 1500X",4,"{'cycles': 3500000000}","{'cycles': 3700000000}",NULL,1,NULL
242,AMD,"Ryzen 5 1600 (12nm)",6,"{'cycles': 3200000000}","{'cycles': 3600000000}",NULL,1,NULL
243,AMD,"Ryzen 5 1600 (14nm)",6,"{'cycles': 3200000000}","{'cycles': 3600000000}",NULL,1,NULL
244,AMD,"Ryzen 5 1600X",6,"{'cycles': 3600000000}","{'cycles': 4000000000}",NULL,1,NULL
245,AMD,"Ryzen 5 2400G",4,"{'cycles': 3600000000}","{'cycles': 3900000000}","Radeon Vega 11",1,NULL
246,AMD,"Ryzen 5 2600",6,"{'cycles': 3400000000}","{'cycles': 3900000000}",NULL,1,NULL
247,AMD,"Ryzen 5 2600",6,"{'cycles': 3400000000}","{'cycles': 3900000000}",NULL,1,NULL
248,AMD,"Ryzen 5 2600X",6,"{'cycles': 3600000000}","{'cycles': 4200000000}",NULL,1,NULL
249,AMD,"Ryzen 5 2600X",6,"{'cycles': 3600000000}","{'cycles': 4200000000}",NULL,1,NULL
250,AMD,"Ryzen 5 3400G",4,"{'cycles': 3700000000}","{'cycles': 4200000000}","Radeon Vega 11",1,NULL
251,AMD,"Ryzen 5 3400G",4,"{'cycles': 3700000000}","{'cycles': 4200000000}","Radeon Vega 11",1,NULL
252,AMD,"Ryzen 5 3500",6,"{'cycles': 3600000000}","{'cycles': 4099999999}",NULL,0,NULL
253,AMD,"Ryzen 5 3500X",6,"{'cycles': 3600000000}","{'cycles': 4099999999}",NULL,0,NULL
254,AMD,"Ryzen 5 3600",6,"{'cycles': 3600000000}","{'cycles': 4200000000}",NULL,1,NULL
255,AMD,"Ryzen 5 3600",6,"{'cycles': 3600000000}","{'cycles': 4200000000}",NULL,1,NULL
256,AMD,"Ryzen 5 3600X",6,"{'cycles': 3800000000}","{'cycles': 4400000000}",NULL,1,NULL
257,AMD,"Ryzen 5 3600X",6,"{'cycles': 3800000000}","{'cycles': 4400000000}",NULL,1,NULL
258,AMD,"Ryzen 5 3600XT",6,"{'cycles': 3800000000}","{'cycles': 4500000000}",NULL,1,NULL
259,AMD,"Ryzen 5 5600X",6,"{'cycles': 3700000000}","{'cycles': 4600000000}",NULL,1,NULL
260,AMD,"Ryzen 7 1700",8,"{'cycles': 3000000000}","{'cycles': 3700000000}",NULL,1,NULL
261,AMD,"Ryzen 7 1700X",8,"{'cycles': 3400000000}","{'cycles': 3800000000}",NULL,1,NULL
262,AMD,"Ryzen 7 1700X",8,"{'cycles': 3400000000}","{'cycles': 3800000000}",NULL,1,NULL
263,AMD,"Ryzen 7 1800X",8,"{'cycles': 3600000000}","{'cycles': 4000000000}",NULL,1,NULL
264,AMD,"Ryzen 7 1800X",8,"{'cycles': 3600000000}","{'cycles': 4000000000}",NULL,1,NULL
265,AMD,"Ryzen 7 2700",8,"{'cycles': 3200000000}","{'cycles': 4099999999}",NULL,1,NULL
266,AMD,"Ryzen 7 2700",8,"{'cycles': 3200000000}","{'cycles': 4099999999}",NULL,1,NULL
267,AMD,"Ryzen 7 2700X",8,"{'cycles': 3700000000}","{'cycles': 4300000000}",NULL,1,NULL
268,AMD,"Ryzen 7 3700X",8,"{'cycles': 3600000000}","{'cycles': 4400000000}",NULL,1,NULL
269,AMD,"Ryzen 7 3700X",8,"{'cycles': 3600000000}","{'cycles': 4400000000}",NULL,1,NULL
270,AMD,"Ryzen 7 3800X",8,"{'cycles': 3900000000}","{'cycles': 4500000000}",NULL,1,NULL
271,AMD,"Ryzen 7 3800X",8,"{'cycles': 3900000000}","{'cycles': 4500000000}",NULL,1,NULL
272,AMD,"Ryzen 7 3800XT",8,"{'cycles': 3900000000}","{'cycles': 4700000000}",NULL,1,NULL
273,AMD,"Ryzen 7 5800X",8,"{'cycles': 3800000000}","{'cycles': 4700000000}",NULL,1,NULL
274,AMD,"Ryzen 9 3900X",12,"{'cycles': 3800000000}","{'cycles': 4600000000}",NULL,1,NULL
275,AMD,"Ryzen 9 3900X",12,"{'cycles': 3800000000}","{'cycles': 4600000000}",NULL,1,NULL
276,AMD,"Ryzen 9 3900XT",12,"{'cycles': 3800000000}","{'cycles': 4700000000}",NULL,1,NULL
277,AMD,"Ryzen 9 3950X",16,"{'cycles': 3500000000}","{'cycles': 4700000000}",NULL,1,NULL
278,AMD,"Ryzen 9 3950X",16,"{'cycles': 3500000000}","{'cycles': 4700000000}",NULL,1,NULL
279,AMD,"Ryzen 9 5900X",12,"{'cycles': 3700000000}","{'cycles': 4800000000}",NULL,1,NULL
280,AMD,"Ryzen 9 5950X",16,"{'cycles': 3400000000}","{'cycles': 4900000000}",NULL,1,NULL
281,AMD,"Sempron 130",1,"{'cycles': 2600000000}",NULL,NULL,0,NULL
282,AMD,"Sempron 140",1,"{'cycles': 2700000000}",NULL,NULL,0,NULL
283,AMD,"Sempron 145",1,"{'cycles': 2800000000}",NULL,NULL,0,NULL
284,AMD,"Sempron 145",1,"{'cycles': 2800000000}",NULL,NULL,0,NULL
285,AMD,"Sempron 150",1,"{'cycles': 2900000000}",NULL,NULL,0,NULL
286,AMD,"Sempron X2 190",2,"{'cycles': 2500000000}",NULL,NULL,0,NULL
287,AMD,"Sempron X2 198",2,"{'cycles': 2500000000}",NULL,NULL,0,NULL
288,AMD,"Sempron X2 250",2,"{'cycles': 3200000000}","{'cycles': 3600000000}",NULL,0,NULL
289,AMD,"Threadripper 1900X",8,"{'cycles': 3800000000}","{'cycles': 4000000000}",NULL,1,NULL
290,AMD,"Threadripper 1920X",12,"{'cycles': 3500000000}","{'cycles': 4000000000}",NULL,1,NULL
291,AMD,"Threadripper 1950X",16,"{'cycles': 3400000000}","{'cycles': 4000000000}",NULL,1,NULL
292,AMD,"Threadripper 2920X",12,"{'cycles': 3500000000}","{'cycles': 4300000000}",NULL,1,NULL
293,AMD,"Threadripper 2920X",12,"{'cycles': 3500000000}","{'cycles': 4300000000}",NULL,1,NULL
294,AMD,"Threadripper 2950X",16,"{'cycles': 3500000000}","{'cycles': 4400000000}",NULL,1,NULL
295,AMD,"Threadripper 2950X",16,"{'cycles': 3500000000}","{'cycles': 4400000000}",NULL,1,NULL
296,AMD,"Threadripper 2970WX",24,"{'cycles': 3000000000}","{'cycles': 4200000000}",NULL,1,NULL
297,AMD,"Threadripper 2970WX",24,"{'cycles': 3000000000}","{'cycles': 4200000000}",NULL,1,NULL
298,AMD,"Threadripper 2990WX",32,"{'cycles': 3000000000}","{'cycles': 4200000000}",NULL,1,NULL
299,AMD,"Threadripper 2990WX",32,"{'cycles': 3000000000}","{'cycles': 4200000000}",NULL,1,NULL
300,AMD,"Threadripper 3960X",24,"{'cycles': 3800000000}","{'cycles': 4500000000}",NULL,1,NULL
301,AMD,"Threadripper 3970X",32,"{'cycles': 3700000000}","{'cycles': 4500000000}",NULL,1,NULL
302,AMD,"Threadripper 3990X",64,"{'cycles': 2900000000}","{'cycles': 4300000000}",NULL,1,NULL
303,Intel,"Atom D2500",2,"{'cycles': 1867000000}",NULL,"Intel HD Graphics",0,NULL
304,Intel,"Atom D2700",2,"{'cycles': 2133000000}",NULL,NULL,1,NULL
305,Intel,"Celeron 420",1,"{'cycles': 1600000000}",NULL,NULL,0,NULL
306,Intel,"Celeron 420",1,"{'cycles': 1600000000}",NULL,NULL,0,NULL
307,Intel,"Celeron 430",1,"{'cycles': 1800000000}",NULL,NULL,0,NULL
308,Intel,"Celeron 430",1,"{'cycles': 1800000000}",NULL,NULL,0,NULL
309,Intel,"Celeron 440",1,"{'cycles': 2000000000}",NULL,NULL,0,NULL
310,Intel,"Celeron 440",1,"{'cycles': 2000000000}",NULL,NULL,0,NULL
311,Intel,"Celeron 450",1,"{'cycles': 2200000000}",NULL,NULL,0,NULL
312,Intel,"Celeron 847",2,"{'cycles': 1100000000}",NULL,"Intel HD Graphics",0,NULL
313,Intel,"Celeron E1200",2,"{'cycles': 1600000000}",NULL,NULL,0,NULL
314,Intel,"Celeron E1200",2,"{'cycles': 1600000000}",NULL,NULL,0,NULL
315,Intel,"Celeron E1400",2,"{'cycles': 2000000000}",NULL,NULL,0,NULL
316,Intel,"Celeron E1400",2,"{'cycles': 2000000000}",NULL,NULL,0,NULL
317,Intel,"Celeron E1500",2,"{'cycles': 2200000000}",NULL,NULL,0,NULL
318,Intel,"Celeron E1600",2,"{'cycles': 2400000000}",NULL,NULL,0,NULL
319,Intel,"Celeron E3200",2,"{'cycles': 2400000000}",NULL,NULL,0,NULL
320,Intel,"Celeron E3300",2,"{'cycles': 2500000000}",NULL,NULL,0,NULL
321,Intel,"Celeron E3300",2,"{'cycles': 2500000000}",NULL,NULL,0,NULL
322,Intel,"Celeron E3400",2,"{'cycles': 2600000000}",NULL,NULL,0,NULL
323,Intel,"Celeron E3500",2,"{'cycles': 2700000000}",NULL,NULL,0,NULL
324,Intel,"Celeron G1610",2,"{'cycles': 2600000000}",NULL,"Intel HD Graphics",0,NULL
325,Intel,"Celeron G1620",2,"{'cycles': 2700000000}",NULL,"Intel HD Graphics",0,NULL
326,Intel,"Celeron G1630",2,"{'cycles': 2800000000}",NULL,"Intel HD Graphics",0,NULL
327,Intel,"Celeron G1820",2,"{'cycles': 2700000000}",NULL,"Intel HD Graphics",0,NULL
328,Intel,"Celeron G1830",2,"{'cycles': 2800000000}",NULL,"Intel HD Graphics",0,NULL
329,Intel,"Celeron G1840",2,"{'cycles': 2800000000}",NULL,"Intel HD Graphics",0,NULL
330,Intel,"Celeron G1850",2,"{'cycles': 2900000000}",NULL,"Intel HD Graphics",0,NULL
331,Intel,"Celeron G3900",2,"{'cycles': 2800000000}",NULL,"Intel HD Graphics 510",0,NULL
332,Intel,"Celeron G3920",2,"{'cycles': 2600000000}",NULL,"Intel HD Graphics 510",0,NULL
333,Intel,"Celeron G3930",2,"{'cycles': 2900000000}",NULL,"Intel HD Graphics 610",0,NULL
334,Intel,"Celeron G3930",2,"{'cycles': 2900000000}",NULL,"Intel HD Graphics 610",0,NULL
335,Intel,"Celeron G3930T",2,"{'cycles': 2700000000}",NULL,"Intel HD Graphics 610",0,NULL
336,Intel,"Celeron G3950",2,"{'cycles': 3000000000}",NULL,"Intel HD Graphics 610",0,NULL
337,Intel,"Celeron G440",1,"{'cycles': 1600000000}",NULL,"Intel HD Graphics",0,NULL
338,Intel,"Celeron G465",2,"{'cycles': 1900000000}",NULL,"Intel HD Graphics",0,NULL
339,Intel,"Celeron G470",1,"{'cycles': 2000000000}",NULL,"Intel HD Graphics",1,NULL
340,Intel,"Celeron G4900",2,"{'cycles': 3100000000}",NULL,"Intel UHD Graphics 610",0,NULL
341,Intel,"Celeron G4900T",2,"{'cycles': 1800000000}",NULL,"Intel UHD Graphics 610",0,NULL
342,Intel,"Celeron G4920",2,"{'cycles': 3200000000}",NULL,"Intel UHD Graphics 610",0,NULL
343,Intel,"Celeron G4920",2,"{'cycles': 3200000000}",NULL,"Intel UHD Graphics 610",0,NULL
344,Intel,"Celeron G4930",2,"{'cycles': 3200000000}",NULL,"Intel UHD Graphics 610",0,NULL
345,Intel,"Celeron G530",2,"{'cycles': 2400000000}",NULL,"Intel HD Graphics",0,NULL
346,Intel,"Celeron G540",2,"{'cycles': 2500000000}",NULL,"Intel HD Graphics",0,NULL
347,Intel,"Celeron G555",2,"{'cycles': 2700000000}",NULL,"Intel HD Graphics",0,NULL
348,Intel,"Celeron G5900",2,"{'cycles': 3400000000}",NULL,"Intel UHD Graphics 610",0,NULL
349,Intel,"Celeron G5905",2,"{'cycles': 3500000000}",NULL,"Intel UHD Graphics 610",0,NULL
350,Intel,"Celeron G5905T",2,"{'cycles': 3300000000}",NULL,"Intel UHD Graphics 610",0,NULL
351,Intel,"Celeron G5920",2,"{'cycles': 3500000000}",NULL,"Intel UHD Graphics 610",0,NULL
352,Intel,"Celeron G5925",2,"{'cycles': 3600000000}",NULL,"Intel UHD Graphics 610",0,NULL
353,Intel,"Core 2 Duo E4300",2,"{'cycles': 1800000000}",NULL,NULL,0,NULL
354,Intel,"Core 2 Duo E4300",2,"{'cycles': 1800000000}",NULL,NULL,0,NULL
355,Intel,"Core 2 Duo E4400",2,"{'cycles': 2000000000}",NULL,NULL,0,NULL
356,Intel,"Core 2 Duo E4400",2,"{'cycles': 2000000000}",NULL,NULL,0,NULL
357,Intel,"Core 2 Duo E4500",2,"{'cycles': 2200000000}",NULL,NULL,0,NULL
358,Intel,"Core 2 Duo E4600",2,"{'cycles': 2400000000}",NULL,NULL,0,NULL
359,Intel,"Core 2 Duo E4600",2,"{'cycles': 2400000000}",NULL,NULL,0,NULL
360,Intel,"Core 2 Duo E6320",2,"{'cycles': 1860000000}",NULL,NULL,0,NULL
361,Intel,"Core 2 Duo E6320",2,"{'cycles': 1860000000}",NULL,NULL,0,NULL
362,Intel,"Core 2 Duo E6400",2,"{'cycles': 2130000000}",NULL,NULL,0,NULL
363,Intel,"Core 2 Duo E6400",2,"{'cycles': 2130000000}",NULL,NULL,0,NULL
364,Intel,"Core 2 Duo E6420",2,"{'cycles': 2130000000}",NULL,NULL,0,NULL
365,Intel,"Core 2 Duo E6420",2,"{'cycles': 2130000000}",NULL,NULL,0,NULL
366,Intel,"Core 2 Duo E6540",2,"{'cycles': 2330000000}",NULL,NULL,0,NULL
367,Intel,"Core 2 Duo E6550",2,"{'cycles': 2330000000}",NULL,NULL,0,NULL
368,Intel,"Core 2 Duo E6550",2,"{'cycles': 2330000000}",NULL,NULL,0,NULL
369,Intel,"Core 2 Duo E6550",2,"{'cycles': 2330000000}",NULL,NULL,0,NULL
370,Intel,"Core 2 Duo E6700",2,"{'cycles': 2660000000}",NULL,NULL,0,NULL
371,Intel,"Core 2 Duo E6700",2,"{'cycles': 2660000000}",NULL,NULL,0,NULL
372,Intel,"Core 2 Duo E6700",2,"{'cycles': 2660000000}",NULL,NULL,0,NULL
373,Intel,"Core 2 Duo E6750",2,"{'cycles': 2660000000}",NULL,NULL,0,NULL
374,Intel,"Core 2 Duo E6750",2,"{'cycles': 2660000000}",NULL,NULL,0,NULL
375,Intel,"Core 2 Duo E6850",2,"{'cycles': 3000000000}",NULL,NULL,0,NULL
376,Intel,"Core 2 Duo E6850",2,"{'cycles': 3000000000}",NULL,NULL,0,NULL
377,Intel,"Core 2 Duo E7200",2,"{'cycles': 2530000000}",NULL,NULL,0,NULL
378,Intel,"Core 2 Duo E7200",2,"{'cycles': 2530000000}",NULL,NULL,0,NULL
379,Intel,"Core 2 Duo E7300",2,"{'cycles': 2660000000}",NULL,NULL,0,NULL
380,Intel,"Core 2 Duo E7300",2,"{'cycles': 2660000000}",NULL,NULL,0,NULL
381,Intel,"Core 2 Duo E7400",2,"{'cycles': 2800000000}",NULL,NULL,0,NULL
382,Intel,"Core 2 Duo E7400",2,"{'cycles': 2800000000}",NULL,NULL,0,NULL
383,Intel,"Core 2 Duo E7400",2,"{'cycles': 2800000000}",NULL,NULL,0,NULL
384,Intel,"Core 2 Duo E7500",2,"{'cycles': 2930000000}",NULL,NULL,0,NULL
385,Intel,"Core 2 Duo E7500",2,"{'cycles': 2930000000}",NULL,NULL,0,NULL
386,Intel,"Core 2 Duo E7500",2,"{'cycles': 2930000000}",NULL,NULL,0,NULL
387,Intel,"Core 2 Duo E7600",2,"{'cycles': 3060000000}",NULL,NULL,0,NULL
388,Intel,"Core 2 Duo E7600",2,"{'cycles': 3060000000}",NULL,NULL,0,NULL
389,Intel,"Core 2 Duo E8190",2,"{'cycles': 2660000000}",NULL,NULL,0,NULL
390,Intel,"Core 2 Duo E8200",2,"{'cycles': 2660000000}",NULL,NULL,0,NULL
391,Intel,"Core 2 Duo E8300",2,"{'cycles': 2830000000}",NULL,NULL,0,NULL
392,Intel,"Core 2 Duo E8400",2,"{'cycles': 3000000000}",NULL,NULL,0,NULL
393,Intel,"Core 2 Duo E8400",2,"{'cycles': 3000000000}",NULL,NULL,0,NULL
394,Intel,"Core 2 Duo E8400",2,"{'cycles': 3000000000}",NULL,NULL,0,NULL
395,Intel,"Core 2 Duo E8400",2,"{'cycles': 3000000000}",NULL,NULL,0,NULL
396,Intel,"Core 2 Duo E8500",2,"{'cycles': 3160000000}",NULL,NULL,0,NULL
397,Intel,"Core 2 Duo E8600",2,"{'cycles': 3330000000}",NULL,NULL,0,NULL
398,Intel,"Core 2 Duo E8600",2,"{'cycles': 3330000000}",NULL,NULL,0,NULL
399,Intel,"Core 2 Extreme QX6700",4,"{'cycles': 2660000000}",NULL,NULL,0,NULL
400,Intel,"Core 2 Extreme QX6700",4,"{'cycles': 2660000000}",NULL,NULL,0,NULL
401,Intel,"Core 2 Extreme QX6800",4,"{'cycles': 2930000000}",NULL,NULL,0,NULL
402,Intel,"Core 2 Extreme QX6800",4,"{'cycles': 2930000000}",NULL,NULL,0,NULL
403,Intel,"Core 2 Extreme QX6850",4,"{'cycles': 3000000000}",NULL,NULL,0,NULL
404,Intel,"Core 2 Extreme QX6850",4,"{'cycles': 3000000000}",NULL,NULL,0,NULL
405,Intel,"Core 2 Extreme QX9650",4,"{'cycles': 3000000000}",NULL,NULL,0,NULL
406,Intel,"Core 2 Extreme QX9650",4,"{'cycles': 3000000000}",NULL,NULL,0,NULL
407,Intel,"Core 2 Extreme QX9770",4,"{'cycles': 3200000000}",NULL,NULL,0,NULL
408,Intel,"Core 2 Extreme QX9775",4,"{'cycles': 3200000000}",NULL,NULL,0,NULL
409,Intel,"Core 2 Extreme QX9775",4,"{'cycles': 3200000000}",NULL,NULL,0,NULL
410,Intel,"Core 2 Extreme X6800",2,"{'cycles': 2930000000}",NULL,NULL,0,NULL
411,Intel,"Core 2 Quad Q6600",4,"{'cycles': 2400000000}",NULL,NULL,0,NULL
412,Intel,"Core 2 Quad Q6600",4,"{'cycles': 2400000000}",NULL,NULL,0,NULL
413,Intel,"Core 2 Quad Q6700",4,"{'cycles': 2660000000}",NULL,NULL,0,NULL
414,Intel,"Core 2 Quad Q6700",4,"{'cycles': 2660000000}",NULL,NULL,0,NULL
415,Intel,"Core 2 Quad Q8200",4,"{'cycles': 2330000000}",NULL,NULL,0,NULL
416,Intel,"Core 2 Quad Q8200",4,"{'cycles': 2330000000}",NULL,NULL,0,NULL
417,Intel,"Core 2 Quad Q8200",4,"{'cycles': 2330000000}",NULL,NULL,0,NULL
418,Intel,"Core 2 Quad Q8200S",4,"{'cycles': 2330000000}",NULL,NULL,0,NULL
419,Intel,"Core 2 Quad Q8300",4,"{'cycles': 2500000000}",NULL,NULL,0,NULL
420,Intel,"Core 2 Quad Q8400",4,"{'cycles': 2660000000}",NULL,NULL,0,NULL
421,Intel,"Core 2 Quad Q8400",4,"{'cycles': 2660000000}",NULL,NULL,0,NULL
422,Intel,"Core 2 Quad Q8400S",4,"{'cycles': 2660000000}",NULL,NULL,0,NULL
423,Intel,"Core 2 Quad Q9300",4,"{'cycles': 2500000000}",NULL,NULL,0,NULL
424,Intel,"Core 2 Quad Q9300",4,"{'cycles': 2500000000}",NULL,NULL,0,NULL
425,Intel,"Core 2 Quad Q9400",4,"{'cycles': 2660000000}",NULL,NULL,0,NULL
426,Intel,"Core 2 Quad Q9400",4,"{'cycles': 2660000000}",NULL,NULL,0,NULL
427,Intel,"Core 2 Quad Q9400S",4,"{'cycles': 2660000000}",NULL,NULL,0,NULL
428,Intel,"Core 2 Quad Q9450",4,"{'cycles': 2660000000}",NULL,NULL,0,NULL
429,Intel,"Core 2 Quad Q9450",4,"{'cycles': 2660000000}",NULL,NULL,0,NULL
430,Intel,"Core 2 Quad Q9505",4,"{'cycles': 2830000000}",NULL,NULL,0,NULL
431,Intel,"Core 2 Quad Q9505",4,"{'cycles': 2830000000}",NULL,NULL,0,NULL
432,Intel,"Core 2 Quad Q9505S",4,"{'cycles': 2830000000}",NULL,NULL,0,NULL
433,Intel,"Core 2 Quad Q9550",4,"{'cycles': 2830000000}",NULL,NULL,0,NULL
434,Intel,"Core 2 Quad Q9550",4,"{'cycles': 2830000000}",NULL,NULL,0,NULL
435,Intel,"Core 2 Quad Q9550S",4,"{'cycles': 2830000000}",NULL,NULL,0,NULL
436,Intel,"Core 2 Quad Q9650",4,"{'cycles': 3000000000}",NULL,NULL,0,NULL
437,Intel,"Core 2 Quad Q9650",4,"{'cycles': 3000000000}",NULL,NULL,0,NULL
438,Intel,"Core i3-10100",4,"{'cycles': 3600000000}","{'cycles': 4300000000}","Intel UHD Graphics 630",1,NULL
439,Intel,"Core i3-10100F",4,"{'cycles': 3600000000}","{'cycles': 4300000000}",NULL,1,NULL
440,Intel,"Core i3-10300",4,"{'cycles': 3700000000}","{'cycles': 4400000000}","Intel UHD Graphics 630",1,NULL
441,Intel,"Core i3-10320",4,"{'cycles': 3800000000}","{'cycles': 4600000000}","Intel UHD Graphics 630",1,NULL
442,Intel,"Core i3-2100",2,"{'cycles': 3100000000}",NULL,"Intel HD Graphics 2000",1,NULL
443,Intel,"Core i3-2100T",2,"{'cycles': 2500000000}",NULL,"Intel HD Graphics 2000",1,NULL
444,Intel,"Core i3-2105",2,"{'cycles': 3100000000}",NULL,"Intel HD Graphics 3000",1,NULL
445,Intel,"Core i3-2120",2,"{'cycles': 3300000000}",NULL,"Intel HD Graphics 2000",1,NULL
446,Intel,"Core i3-2120T",2,"{'cycles': 2600000000}",NULL,"Intel HD Graphics 2000",1,NULL
447,Intel,"Core i3-2125",2,"{'cycles': 3300000000}",NULL,"Intel HD Graphics 3000",1,NULL
448,Intel,"Core i3-2130",2,"{'cycles': 3400000000}",NULL,"Intel HD Graphics 2000",1,NULL
449,Intel,"Core i3-3210",2,"{'cycles': 3200000000}",NULL,"Intel HD Graphics 2500",1,NULL
450,Intel,"Core i3-3220",2,"{'cycles': 3300000000}",NULL,"Intel HD Graphics 2500",1,NULL
451,Intel,"Core i3-3220T",2,"{'cycles': 2800000000}",NULL,"Intel HD Graphics 2500",1,NULL
452,Intel,"Core i3-3225",2,"{'cycles': 3300000000}",NULL,"Intel HD Graphics 4000",1,NULL
453,Intel,"Core i3-3240",2,"{'cycles': 3400000000}",NULL,"Intel HD Graphics 2500",1,NULL
454,Intel,"Core i3-3240",2,"{'cycles': 3400000000}",NULL,"Intel HD Graphics 2500",1,NULL
455,Intel,"Core i3-3245",2,"{'cycles': 3400000000}",NULL,"Intel HD Graphics 4000",1,NULL
456,Intel,"Core i3-3250",2,"{'cycles': 3500000000}",NULL,"Intel HD Graphics 2500",1,NULL
457,Intel,"Core i3-350M",2,"{'cycles': 2267000000}",NULL,"Intel HD Graphics",1,NULL
458,Intel,"Core i3-4130",2,"{'cycles': 3400000000}",NULL,"Intel HD Graphics 4400",1,NULL
459,Intel,"Core i3-4130T",2,"{'cycles': 2900000000}",NULL,"Intel HD Graphics 4400",1,NULL
460,Intel,"Core i3-4150",2,"{'cycles': 3500000000}",NULL,"Intel HD Graphics 4400",1,NULL
461,Intel,"Core i3-4160",2,"{'cycles': 3600000000}",NULL,"Intel HD Graphics 4400",1,NULL
462,Intel,"Core i3-4160T",2,"{'cycles': 3100000000}",NULL,"Intel HD Graphics 4400",1,NULL
463,Intel,"Core i3-4170",2,"{'cycles': 3700000000}",NULL,"Intel HD Graphics 4400",1,NULL
464,Intel,"Core i3-4330",2,"{'cycles': 3500000000}",NULL,"Intel HD Graphics 4600",1,NULL
465,Intel,"Core i3-4340",2,"{'cycles': 3600000000}",NULL,"Intel HD Graphics 4600",1,NULL
466,Intel,"Core i3-4350",2,"{'cycles': 3600000000}",NULL,"Intel HD Graphics 4600",1,NULL
467,Intel,"Core i3-4360",2,"{'cycles': 3700000000}",NULL,"Intel HD Graphics 4600",1,NULL
468,Intel,"Core i3-4360T",2,"{'cycles': 3200000000}",NULL,"Intel HD Graphics 4600",1,NULL
469,Intel,"Core i3-4370",2,"{'cycles': 3800000000}",NULL,"Intel HD Graphics 4600",1,NULL
470,Intel,"Core i3-4370",2,"{'cycles': 3800000000}",NULL,"Intel HD Graphics 4600",1,NULL
471,Intel,"Core i3-530",2,"{'cycles': 2930000000}",NULL,"Intel HD Graphics",1,NULL
472,Intel,"Core i3-540",2,"{'cycles': 3060000000}",NULL,"Intel HD Graphics",1,NULL
473,Intel,"Core i3-550",2,"{'cycles': 3200000000}",NULL,"Intel HD Graphics",1,NULL
474,Intel,"Core i3-560",2,"{'cycles': 3333000000}",NULL,"Intel HD Graphics",1,NULL
475,Intel,"Core i3-6098P",2,"{'cycles': 3600000000}",NULL,"Intel HD Graphics 510",1,NULL
476,Intel,"Core i3-6100",2,"{'cycles': 3700000000}",NULL,"Intel HD Graphics 530",1,NULL
477,Intel,"Core i3-6100",2,"{'cycles': 3700000000}",NULL,"Intel HD Graphics 530",1,NULL
478,Intel,"Core i3-6100T",2,"{'cycles': 3200000000}",NULL,"Intel HD Graphics 530",1,NULL
479,Intel,"Core i3-6100T",2,"{'cycles': 3200000000}",NULL,"Intel HD Graphics 530",1,NULL
480,Intel,"Core i3-6300",2,"{'cycles': 3800000000}",NULL,"Intel HD Graphics 530",1,NULL
481,Intel,"Core i3-6300T",2,"{'cycles': 3300000000}",NULL,"Intel HD Graphics 530",1,NULL
482,Intel,"Core i3-6320",2,"{'cycles': 3900000000}",NULL,"Intel HD Graphics 530",1,NULL
483,Intel,"Core i3-6320",2,"{'cycles': 3900000000}",NULL,"Intel HD Graphics 530",1,NULL
484,Intel,"Core i3-7100",2,"{'cycles': 3900000000}",NULL,"Intel HD Graphics 630",1,NULL
485,Intel,"Core i3-7100",2,"{'cycles': 3900000000}",NULL,"Intel HD Graphics 630",1,NULL
486,Intel,"Core i3-7100T",2,"{'cycles': 3400000000}",NULL,"Intel HD Graphics 630",1,NULL
487,Intel,"Core i3-7100T",2,"{'cycles': 3400000000}",NULL,"Intel HD Graphics 630",1,NULL
488,Intel,"Core i3-7101TE",2,"{'cycles': 3400000000}",NULL,"Intel HD Graphics 610",1,NULL
489,Intel,"Core i3-7300",2,"{'cycles': 4000000000}",NULL,"Intel HD Graphics 630",1,NULL
490,Intel,"Core i3-7300T",2,"{'cycles': 3500000000}",NULL,"Intel HD Graphics 630",1,NULL
491,Intel,"Core i3-7320",2,"{'cycles': 4099999999}",NULL,"Intel HD Graphics 630",1,NULL
492,Intel,"Core i3-7320",2,"{'cycles': 4099999999}",NULL,"Intel HD Graphics 630",1,NULL
493,Intel,"Core i3-7350K",2,"{'cycles': 4200000000}",NULL,"Intel HD Graphics 630",1,NULL
494,Intel,"Core i3-7350K",2,"{'cycles': 4200000000}",NULL,"Intel HD Graphics 630",1,NULL
495,Intel,"Core i3-8100",4,"{'cycles': 3600000000}",NULL,"Intel UHD Graphics 630",0,NULL
496,Intel,"Core i3-8100",4,"{'cycles': 3600000000}",NULL,"Intel UHD Graphics 630",0,NULL
497,Intel,"Core i3-8100T",4,"{'cycles': 3100000000}",NULL,"Intel UHD Graphics 630",0,NULL
498,Intel,"Core i3-8300",4,"{'cycles': 3700000000}",NULL,"Intel UHD Graphics 630",0,NULL
499,Intel,"Core i3-8300",4,"{'cycles': 3700000000}",NULL,"Intel UHD Graphics 630",0,NULL
500,Intel,"Core i3-8300T",4,"{'cycles': 3200000000}",NULL,"Intel UHD Graphics 630",0,NULL
501,Intel,"Core i3-8350K",4,"{'cycles': 4000000000}",NULL,"Intel UHD Graphics 630",0,NULL
502,Intel,"Core i3-8350K",4,"{'cycles': 4000000000}",NULL,"Intel UHD Graphics 630",0,NULL
503,Intel,"Core i3-9100",4,"{'cycles': 3600000000}","{'cycles': 4200000000}","Intel UHD Graphics 630",0,NULL
504,Intel,"Core i3-9100F",4,"{'cycles': 3600000000}","{'cycles': 4200000000}",NULL,0,NULL
505,Intel,"Core i3-9100T",4,"{'cycles': 3100000000}","{'cycles': 3700000000}","Intel UHD Graphics 630",0,NULL
506,Intel,"Core i3-9300",4,"{'cycles': 3700000000}","{'cycles': 4300000000}",NULL,0,NULL
507,Intel,"Core i3-9300",4,"{'cycles': 3700000000}","{'cycles': 4300000000}",NULL,0,NULL
508,Intel,"Core i3-9320",4,"{'cycles': 3700000000}","{'cycles': 4400000000}",NULL,0,NULL
509,Intel,"Core i3-9350K",4,"{'cycles': 4000000000}","{'cycles': 4600000000}","Intel HD Graphics 630",0,NULL
510,Intel,"Core i3-9350K",4,"{'cycles': 4000000000}","{'cycles': 4600000000}","Intel HD Graphics 630",0,NULL
511,Intel,"Core i3-9350KF",4,"{'cycles': 4000000000}","{'cycles': 4600000000}",NULL,0,NULL
512,Intel,"Core i5-10400",6,"{'cycles': 2900000000}","{'cycles': 4300000000}","Intel UHD Graphics 630",1,NULL
513,Intel,"Core i5-10400F",6,"{'cycles': 2900000000}","{'cycles': 4300000000}",NULL,1,NULL
514,Intel,"Core i5-10500",6,"{'cycles': 3100000000}","{'cycles': 4500000000}","Intel UHD Graphics 630",1,NULL
515,Intel,"Core i5-10600",6,"{'cycles': 3300000000}","{'cycles': 4800000000}","Intel UHD Graphics 630",1,NULL
516,Intel,"Core i5-10600K",6,"{'cycles': 4099999999}","{'cycles': 4800000000}","Intel UHD Graphics 630",1,NULL
517,Intel,"Core i5-10600KF",6,"{'cycles': 4099999999}","{'cycles': 4800000000}",NULL,1,NULL
518,Intel,"Core i5-2300",4,"{'cycles': 2800000000}",NULL,"Intel HD Graphics 2000",0,NULL
519,Intel,"Core i5-2310",4,"{'cycles': 2900000000}",NULL,"Intel HD Graphics 2000",0,NULL
520,Intel,"Core i5-2320",4,"{'cycles': 3000000000}",NULL,"Intel HD Graphics 2000",0,NULL
521,Intel,"Core i5-2380P",4,"{'cycles': 3100000000}",NULL,NULL,0,NULL
522,Intel,"Core i5-2400",4,"{'cycles': 3100000000}",NULL,"Intel HD Graphics 2000",0,NULL
523,Intel,"Core i5-2400S",4,"{'cycles': 2500000000}",NULL,"Intel HD Graphics 2000",0,NULL
524,Intel,"Core i5-2405S",4,"{'cycles': 2500000000}",NULL,"Intel HD Graphics 3000",0,NULL
525,Intel,"Core i5-2450P",4,"{'cycles': 3200000000}",NULL,NULL,0,NULL
526,Intel,"Core i5-2500",4,"{'cycles': 3300000000}",NULL,"Intel HD Graphics 2000",0,NULL
527,Intel,"Core i5-2500K",4,"{'cycles': 3300000000}",NULL,"Intel HD Graphics 3000",0,NULL
528,Intel,"Core i5-2550K",4,"{'cycles': 3400000000}",NULL,NULL,0,NULL
529,Intel,"Core i5-3330",4,"{'cycles': 3000000000}",NULL,"Intel HD Graphics 2500",0,NULL
530,Intel,"Core i5-3330S",4,"{'cycles': 2700000000}","{'cycles': 3200000000}","Intel HD Graphics 2500",0,NULL
531,Intel,"Core i5-3340",4,"{'cycles': 3100000000}","{'cycles': 3300000000}","Intel HD Graphics 2500",0,NULL
532,Intel,"Core i5-3340S",4,"{'cycles': 2800000000}","{'cycles': 3300000000}","Intel HD Graphics 2500",0,NULL
533,Intel,"Core i5-3350P",4,"{'cycles': 3100000000}",NULL,NULL,0,NULL
534,Intel,"Core i5-3360M",2,"{'cycles': 2800000000}","{'cycles': 3500000000}","Intel HD Graphics",1,NULL
535,Intel,"Core i5-3450",4,"{'cycles': 3100000000}",NULL,"Intel HD Graphics 2500",0,NULL
536,Intel,"Core i5-3450S",4,"{'cycles': 2800000000}",NULL,"Intel HD Graphics 2500",0,NULL
537,Intel,"Core i5-3470",4,"{'cycles': 3200000000}",NULL,"Intel HD Graphics 2500",0,NULL
538,Intel,"Core i5-3470S",4,"{'cycles': 2900000000}",NULL,"Intel HD Graphics 2500",0,NULL
539,Intel,"Core i5-3550",4,"{'cycles': 3300000000}",NULL,"Intel HD Graphics 2500",0,NULL
540,Intel,"Core i5-3550S",4,"{'cycles': 3000000000}","{'cycles': 3700000000}","Intel HD Graphics 2500",0,NULL
541,Intel,"Core i5-3570",4,"{'cycles': 3400000000}",NULL,"Intel HD Graphics 2500",0,NULL
542,Intel,"Core i5-3570K",4,"{'cycles': 3400000000}",NULL,"Intel HD Graphics 4000",0,NULL
543,Intel,"Core i5-3570S",4,"{'cycles': 3100000000}","{'cycles': 3800000000}","Intel HD Graphics 2500",0,NULL
544,Intel,"Core i5-4430",4,"{'cycles': 3000000000}",NULL,"Intel HD Graphics 4600",0,NULL
545,Intel,"Core i5-4440",4,"{'cycles': 3100000000}","{'cycles': 3300000000}","Intel HD Graphics 4600",0,NULL
546,Intel,"Core i5-4440S",4,"{'cycles': 2800000000}","{'cycles': 3300000000}","Intel HD Graphics 4600",0,NULL
547,Intel,"Core i5-4460",4,"{'cycles': 3200000000}","{'cycles': 3400000000}","Intel HD Graphics 4600",0,NULL
548,Intel,"Core i5-4460S",4,"{'cycles': 2900000000}","{'cycles': 3400000000}","Intel HD Graphics 4000",0,NULL
549,Intel,"Core i5-4570",4,"{'cycles': 3200000000}",NULL,"Intel HD Graphics 4600",0,NULL
550,Intel,"Core i5-4570S",4,"{'cycles': 2900000000}",NULL,"Intel HD Graphics 4600",0,NULL
551,Intel,"Core i5-4570S",4,"{'cycles': 2900000000}",NULL,"Intel HD Graphics 4600",0,NULL
552,Intel,"Core i5-4570T",2,"{'cycles': 2900000000}",NULL,"Intel HD Graphics 4600",1,NULL
553,Intel,"Core i5-4590",4,"{'cycles': 3300000000}","{'cycles': 3700000000}","Intel HD Graphics 4600",0,NULL
554,Intel,"Core i5-4590S",4,"{'cycles': 3000000000}","{'cycles': 3700000000}","Intel HD Graphics 4000",0,NULL
555,Intel,"Core i5-4590T",4,"{'cycles': 2000000000}",NULL,"Intel HD Graphics 4000",1,NULL
556,Intel,"Core i5-4670",4,"{'cycles': 3400000000}",NULL,"Intel HD Graphics 4600",0,NULL
557,Intel,"Core i5-4670K",4,"{'cycles': 3400000000}",NULL,"Intel HD Graphics 4600",0,NULL
558,Intel,"Core i5-4670S",4,"{'cycles': 3100000000}","{'cycles': 3800000000}","Intel HD Graphics 4600",0,NULL
559,Intel,"Core i5-4690",4,"{'cycles': 3500000000}","{'cycles': 3900000000}","Intel HD Graphics 4600",0,NULL
560,Intel,"Core i5-4690",4,"{'cycles': 3500000000}","{'cycles': 3900000000}","Intel HD Graphics 4600",0,NULL
561,Intel,"Core i5-4690K",4,"{'cycles': 3500000000}","{'cycles': 3900000000}","Intel HD Graphics 4600",0,NULL
562,Intel,"Core i5-4690K",4,"{'cycles': 3500000000}","{'cycles': 3900000000}","Intel HD Graphics 4600",0,NULL
563,Intel,"Core i5-4690S",4,"{'cycles': 3200000000}","{'cycles': 3900000000}","Intel HD Graphics 4600",0,NULL
564,Intel,"Core i5-5675C",4,"{'cycles': 3100000000}","{'cycles': 3600000000}","Iris Pro Graphics 6200",0,NULL
565,Intel,"Core i5-6400",4,"{'cycles': 2700000000}","{'cycles': 3300000000}","Intel HD Graphics 530",0,NULL
566,Intel,"Core i5-6400T",4,"{'cycles': 2200000000}","{'cycles': 2800000000}","Intel HD Graphics 530",0,NULL
567,Intel,"Core i5-6402P",4,"{'cycles': 2800000000}","{'cycles': 3400000000}","Intel HD Graphics 510",0,NULL
568,Intel,"Core i5-650",2,"{'cycles': 3200000000}",NULL,"Intel HD Graphics",1,NULL
569,Intel,"Core i5-6500",4,"{'cycles': 3200000000}","{'cycles': 3600000000}","Intel HD Graphics 530",0,NULL
570,Intel,"Core i5-6500",4,"{'cycles': 3200000000}","{'cycles': 3600000000}","Intel HD Graphics 530",0,NULL
571,Intel,"Core i5-6500T",4,"{'cycles': 2500000000}","{'cycles': 3100000000}","Intel HD Graphics 530",0,NULL
572,Intel,"Core i5-6500T",4,"{'cycles': 2500000000}","{'cycles': 3100000000}","Intel HD Graphics 530",0,NULL
573,Intel,"Core i5-655K",2,"{'cycles': 3200000000}",NULL,"Intel HD Graphics",1,NULL
574,Intel,"Core i5-660",2,"{'cycles': 3330000000}",NULL,"Intel HD Graphics",1,NULL
575,Intel,"Core i5-6600",4,"{'cycles': 3300000000}","{'cycles': 3900000000}","Intel HD Graphics 530",0,NULL
576,Intel,"Core i5-6600",4,"{'cycles': 3300000000}","{'cycles': 3900000000}","Intel HD Graphics 530",0,NULL
577,Intel,"Core i5-6600K",4,"{'cycles': 3500000000}","{'cycles': 3900000000}","Intel HD Graphics 530",0,NULL
578,Intel,"Core i5-6600T",4,"{'cycles': 2700000000}","{'cycles': 3500000000}","Intel HD Graphics 530",0,NULL
579,Intel,"Core i5-6600T",4,"{'cycles': 2700000000}","{'cycles': 3500000000}","Intel HD Graphics 530",0,NULL
580,Intel,"Core i5-661",2,"{'cycles': 3330000000}",NULL,"Intel HD Graphics",1,NULL
581,Intel,"Core i5-670",2,"{'cycles': 3460000000}",NULL,"Intel HD Graphics",1,NULL
582,Intel,"Core i5-680",2,"{'cycles': 3600000000}",NULL,"Intel HD Graphics",1,NULL
583,Intel,"Core i5-7400",4,"{'cycles': 3000000000}","{'cycles': 3500000000}","Intel HD Graphics 630",0,NULL
584,Intel,"Core i5-7400",4,"{'cycles': 3000000000}","{'cycles': 3500000000}","Intel HD Graphics 630",0,NULL
585,Intel,"Core i5-7400T",4,"{'cycles': 2400000000}","{'cycles': 3000000000}","Intel HD Graphics 630",0,NULL
586,Intel,"Core i5-7400T",4,"{'cycles': 2400000000}","{'cycles': 3000000000}","Intel HD Graphics 630",0,NULL
587,Intel,"Core i5-750",4,"{'cycles': 2660000000}",NULL,NULL,0,NULL
588,Intel,"Core i5-750",4,"{'cycles': 2660000000}",NULL,NULL,0,NULL
589,Intel,"Core i5-7500",4,"{'cycles': 3400000000}","{'cycles': 3800000000}","Intel HD Graphics 630",0,NULL
590,Intel,"Core i5-7500",4,"{'cycles': 3400000000}","{'cycles': 3800000000}","Intel HD Graphics 630",0,NULL
591,Intel,"Core i5-7500T",4,"{'cycles': 2700000000}","{'cycles': 3300000000}","Intel HD Graphics 630",0,NULL
592,Intel,"Core i5-7500T",4,"{'cycles': 2700000000}","{'cycles': 3300000000}","Intel HD Graphics 630",0,NULL
593,Intel,"Core i5-750S",4,"{'cycles': 2400000000}",NULL,NULL,0,NULL
594,Intel,"Core i5-760",4,"{'cycles': 2800000000}",NULL,NULL,0,NULL
595,Intel,"Core i5-7600",4,"{'cycles': 3500000000}","{'cycles': 4099999999}","Intel HD Graphics 630",0,NULL
596,Intel,"Core i5-7600",4,"{'cycles': 3500000000}","{'cycles': 4099999999}","Intel HD Graphics 630",0,NULL
597,Intel,"Core i5-7600K",4,"{'cycles': 3800000000}","{'cycles': 4200000000}","Intel HD Graphics 630",0,NULL
598,Intel,"Core i5-7600K",4,"{'cycles': 3800000000}","{'cycles': 4200000000}","Intel HD Graphics 630",0,NULL
599,Intel,"Core i5-7600T",4,"{'cycles': 2800000000}","{'cycles': 3700000000}","Intel HD Graphics 630",0,NULL
600,Intel,"Core i5-7600T",4,"{'cycles': 2800000000}","{'cycles': 3700000000}","Intel HD Graphics 630",0,NULL
601,Intel,"Core i5-7640X",4,"{'cycles': 4000000000}","{'cycles': 4200000000}",NULL,0,NULL
602,Intel,"Core i5-7640X",4,"{'cycles': 4000000000}","{'cycles': 4200000000}",NULL,0,NULL
603,Intel,"Core i5-7640X",4,"{'cycles': 4000000000}","{'cycles': 4200000000}",NULL,0,NULL
604,Intel,"Core i5-8400",6,"{'cycles': 2800000000}","{'cycles': 4000000000}","Intel UHD Graphics 630",0,NULL
605,Intel,"Core i5-8400",6,"{'cycles': 2800000000}","{'cycles': 4000000000}","Intel UHD Graphics 630",0,NULL
606,Intel,"Core i5-8400T",6,"{'cycles': 1700000000}","{'cycles': 3300000000}","Intel UHD Graphics 630",0,NULL
607,Intel,"Core i5-8500",6,"{'cycles': 3000000000}","{'cycles': 4099999999}","Intel UHD Graphics 630",0,NULL
608,Intel,"Core i5-8500",6,"{'cycles': 3000000000}","{'cycles': 4099999999}","Intel UHD Graphics 630",0,NULL
609,Intel,"Core i5-8500T",6,"{'cycles': 2100000000}","{'cycles': 3500000000}","Intel UHD Graphics 630",0,NULL
610,Intel,"Core i5-8600",6,"{'cycles': 3100000000}","{'cycles': 4300000000}","Intel UHD Graphics 630",0,NULL
611,Intel,"Core i5-8600",6,"{'cycles': 3100000000}","{'cycles': 4300000000}","Intel UHD Graphics 630",0,NULL
612,Intel,"Core i5-8600K",6,"{'cycles': 3600000000}","{'cycles': 4300000000}","Intel UHD Graphics 630",0,NULL
613,Intel,"Core i5-8600K",6,"{'cycles': 3600000000}","{'cycles': 4300000000}","Intel UHD Graphics 630",0,NULL
614,Intel,"Core i5-8600T",6,"{'cycles': 2300000000}","{'cycles': 3700000000}","Intel UHD Graphics 630",0,NULL
615,Intel,"Core i5-9400",6,"{'cycles': 2900000000}","{'cycles': 4099999999}","Intel UHD Graphics 630",0,NULL
616,Intel,"Core i5-9400",6,"{'cycles': 2900000000}","{'cycles': 4099999999}","Intel UHD Graphics 630",0,NULL
617,Intel,"Core i5-9400F",6,"{'cycles': 2900000000}","{'cycles': 4099999999}",NULL,0,NULL
618,Intel,"Core i5-9400F",6,"{'cycles': 2900000000}","{'cycles': 4099999999}",NULL,0,NULL
619,Intel,"Core i5-9400T",6,"{'cycles': 1800000000}","{'cycles': 3400000000}","Intel UHD Graphics 630",0,NULL
620,Intel,"Core i5-9500",6,"{'cycles': 3000000000}","{'cycles': 4400000000}","Intel UHD Graphics 630",0,NULL
621,Intel,"Core i5-9500",6,"{'cycles': 3000000000}","{'cycles': 4400000000}","Intel UHD Graphics 630",0,NULL
622,Intel,"Core i5-9500F",6,"{'cycles': 3000000000}","{'cycles': 4400000000}",NULL,0,NULL
623,Intel,"Core i5-9500F",6,"{'cycles': 3000000000}","{'cycles': 4400000000}",NULL,0,NULL
624,Intel,"Core i5-9500T",6,"{'cycles': 2200000000}","{'cycles': 3700000000}","Intel UHD Graphics 630",0,NULL
625,Intel,"Core i5-9600",6,"{'cycles': 3100000000}","{'cycles': 4600000000}","Intel UHD Graphics 630",0,NULL
626,Intel,"Core i5-9600",6,"{'cycles': 3100000000}","{'cycles': 4600000000}","Intel UHD Graphics 630",0,NULL
627,Intel,"Core i5-9600K",6,"{'cycles': 3700000000}","{'cycles': 4600000000}","Intel UHD Graphics 630",0,NULL
628,Intel,"Core i5-9600K",6,"{'cycles': 3700000000}","{'cycles': 4600000000}","Intel UHD Graphics 630",0,NULL
629,Intel,"Core i5-9600K",6,"{'cycles': 3700000000}","{'cycles': 4600000000}","Intel UHD Graphics 630",0,NULL
630,Intel,"Core i5-9600KF",6,"{'cycles': 3700000000}","{'cycles': 4600000000}",NULL,0,NULL
631,Intel,"Core i5-9600KF",6,"{'cycles': 3700000000}","{'cycles': 4600000000}",NULL,0,NULL
632,Intel,"Core i5-9600T",6,"{'cycles': 2300000000}","{'cycles': 3900000000}","Intel UHD Graphics 630",0,NULL
633,Intel,"Core i7-10700",8,"{'cycles': 2900000000}","{'cycles': 4800000000}","Intel UHD Graphics 630",1,NULL
634,Intel,"Core i7-10700F",8,"{'cycles': 2900000000}","{'cycles': 4800000000}",NULL,1,NULL
635,Intel,"Core i7-10700K",8,"{'cycles': 3800000000}","{'cycles': 5100000000}","Intel UHD Graphics 630",1,NULL
636,Intel,"Core i7-10700KF",8,"{'cycles': 3800000000}","{'cycles': 5100000000}",NULL,1,NULL
637,Intel,"Core i7-2600",4,"{'cycles': 3400000000}",NULL,"Intel HD Graphics 2000",1,NULL
638,Intel,"Core i7-2600K",4,"{'cycles': 3400000000}",NULL,"Intel HD Graphics 3000",1,NULL
639,Intel,"Core i7-2600S",4,"{'cycles': 2800000000}",NULL,"Intel HD Graphics 2000",1,NULL
640,Intel,"Core i7-2700K",4,"{'cycles': 3500000000}",NULL,"Intel HD Graphics 3000",1,NULL
641,Intel,"Core i7-3770",4,"{'cycles': 3400000000}",NULL,"Intel HD Graphics 4000",1,NULL
642,Intel,"Core i7-3770K",4,"{'cycles': 3500000000}",NULL,"Intel HD Graphics 4000",1,NULL
643,Intel,"Core i7-3770S",4,"{'cycles': 3100000000}",NULL,"Intel HD Graphics 4000",1,NULL
644,Intel,"Core i7-3770T",4,"{'cycles': 2500000000}","{'cycles': 3700000000}","Intel HD Graphics 4000",1,NULL
645,Intel,"Core i7-3820",4,"{'cycles': 3600000000}",NULL,NULL,1,NULL
646,Intel,"Core i7-3930K",6,"{'cycles': 3200000000}",NULL,NULL,1,NULL
647,Intel,"Core i7-3960X Extreme Edition",6,"{'cycles': 3300000000}",NULL,NULL,1,NULL
648,Intel,"Core i7-3970X Extreme Edition",6,"{'cycles': 3500000000}",NULL,NULL,1,NULL
649,Intel,"Core i7-4770",4,"{'cycles': 3400000000}","{'cycles': 3900000000}","Intel HD Graphics 4600",1,NULL
650,Intel,"Core i7-4770K",4,"{'cycles': 3500000000}","{'cycles': 3900000000}","Intel HD Graphics 4600",1,NULL
651,Intel,"Core i7-4770K",4,"{'cycles': 3500000000}","{'cycles': 3900000000}","Intel HD Graphics 4600",1,NULL
652,Intel,"Core i7-4770K",4,"{'cycles': 3500000000}","{'cycles': 3900000000}","Intel HD Graphics 4600",1,NULL
653,Intel,"Core i7-4770S",4,"{'cycles': 3100000000}",NULL,"Intel HD Graphics 4600",1,NULL
654,Intel,"Core i7-4770T",4,"{'cycles': 2500000000}",NULL,"Intel HD Graphics 4600",1,NULL
655,Intel,"Core i7-4771",4,"{'cycles': 3500000000}","{'cycles': 3900000000}","Intel HD Graphics 4600",1,NULL
656,Intel,"Core i7-4790",4,"{'cycles': 3600000000}","{'cycles': 4000000000}","Intel HD Graphics 4600",1,NULL
657,Intel,"Core i7-4790",4,"{'cycles': 3600000000}","{'cycles': 4000000000}","Intel HD Graphics 4600",1,NULL
658,Intel,"Core i7-4790K",4,"{'cycles': 4000000000}","{'cycles': 4400000000}","Intel HD Graphics 4600",1,NULL
659,Intel,"Core i7-4790K",4,"{'cycles': 4000000000}","{'cycles': 4400000000}","Intel HD Graphics 4600",1,NULL
660,Intel,"Core i7-4790K",4,"{'cycles': 4000000000}","{'cycles': 4400000000}","Intel HD Graphics 4600",1,NULL
661,Intel,"Core i7-4790S",4,"{'cycles': 3200000000}","{'cycles': 4000000000}","Intel HD Graphics 4000",1,NULL
662,Intel,"Core i7-4790T",4,"{'cycles': 2700000000}","{'cycles': 3900000000}",NULL,1,NULL
663,Intel,"Core i7-4820K",4,"{'cycles': 3700000000}","{'cycles': 3900000000}",NULL,1,NULL
664,Intel,"Core i7-4930K",6,"{'cycles': 3400000000}","{'cycles': 3900000000}",NULL,1,NULL
665,Intel,"Core i7-4960X Extreme Edition",6,"{'cycles': 3600000000}","{'cycles': 4000000000}",NULL,1,NULL
666,Intel,"Core i7-5775C",4,"{'cycles': 3300000000}","{'cycles': 3700000000}","Iris Pro Graphics 6200",1,NULL
667,Intel,"Core i7-5820K",6,"{'cycles': 3300000000}","{'cycles': 3600000000}",NULL,1,NULL
668,Intel,"Core i7-5930K",6,"{'cycles': 3500000000}","{'cycles': 3700000000}",NULL,1,NULL
669,Intel,"Core i7-5960X",8,"{'cycles': 3000000000}","{'cycles': 3500000000}",NULL,1,NULL
670,Intel,"Core i7-6700",4,"{'cycles': 3400000000}","{'cycles': 4000000000}","Intel HD Graphics 530",1,NULL
671,Intel,"Core i7-6700",4,"{'cycles': 3400000000}","{'cycles': 4000000000}","Intel HD Graphics 530",1,NULL
672,Intel,"Core i7-6700K",4,"{'cycles': 4000000000}","{'cycles': 4200000000}","Intel HD Graphics 530",1,NULL
673,Intel,"Core i7-6700K",4,"{'cycles': 4000000000}","{'cycles': 4200000000}","Intel HD Graphics 530",1,NULL
674,Intel,"Core i7-6700T",4,"{'cycles': 2800000000}","{'cycles': 3600000000}","Intel HD Graphics 530",1,NULL
675,Intel,"Core i7-6800K",6,"{'cycles': 3400000000}","{'cycles': 3600000000}",NULL,1,NULL
676,Intel,"Core i7-6800K",6,"{'cycles': 3400000000}","{'cycles': 3600000000}",NULL,1,NULL
677,Intel,"Core i7-6800K",6,"{'cycles': 3400000000}","{'cycles': 3600000000}",NULL,1,NULL
678,Intel,"Core i7-6850K",6,"{'cycles': 3600000000}","{'cycles': 3800000000}",NULL,1,NULL
679,Intel,"Core i7-6850K",6,"{'cycles': 3600000000}","{'cycles': 3800000000}",NULL,1,NULL
680,Intel,"Core i7-6900K",8,"{'cycles': 3200000000}","{'cycles': 3700000000}",NULL,1,NULL
681,Intel,"Core i7-6900K",8,"{'cycles': 3200000000}","{'cycles': 3700000000}",NULL,1,NULL
682,Intel,"Core i7-6900K",8,"{'cycles': 3200000000}","{'cycles': 3700000000}",NULL,1,NULL
683,Intel,"Core i7-6950X",10,"{'cycles': 3000000000}","{'cycles': 3500000000}",NULL,1,NULL
684,Intel,"Core i7-6950X",10,"{'cycles': 3000000000}","{'cycles': 3500000000}",NULL,1,NULL
685,Intel,"Core i7-6950X",10,"{'cycles': 3000000000}","{'cycles': 3500000000}",NULL,1,NULL
686,Intel,"Core i7-7700",4,"{'cycles': 3600000000}","{'cycles': 4200000000}","Intel HD Graphics 630",1,NULL
687,Intel,"Core i7-7700",4,"{'cycles': 3600000000}","{'cycles': 4200000000}","Intel HD Graphics 630",1,NULL
688,Intel,"Core i7-7700K",4,"{'cycles': 4200000000}","{'cycles': 4500000000}","Intel HD Graphics 630",1,NULL
689,Intel,"Core i7-7700T",4,"{'cycles': 2900000000}","{'cycles': 3800000000}","Intel HD Graphics 630",1,NULL
690,Intel,"Core i7-7700T",4,"{'cycles': 2900000000}","{'cycles': 3800000000}","Intel HD Graphics 630",1,NULL
691,Intel,"Core i7-7740X",4,"{'cycles': 4300000000}","{'cycles': 4500000000}",NULL,1,NULL
692,Intel,"Core i7-7740X",4,"{'cycles': 4300000000}","{'cycles': 4500000000}",NULL,1,NULL
693,Intel,"Core i7-7740X",4,"{'cycles': 4300000000}","{'cycles': 4500000000}",NULL,1,NULL
694,Intel,"Core i7-7800X",6,"{'cycles': 3500000000}","{'cycles': 4000000000}",NULL,1,NULL
695,Intel,"Core i7-7800X",6,"{'cycles': 3500000000}","{'cycles': 4000000000}",NULL,1,NULL
696,Intel,"Core i7-7800X",6,"{'cycles': 3500000000}","{'cycles': 4000000000}",NULL,1,NULL
697,Intel,"Core i7-7820X",8,"{'cycles': 3600000000}","{'cycles': 4500000000}",NULL,1,NULL
698,Intel,"Core i7-7820X",8,"{'cycles': 3600000000}","{'cycles': 4500000000}",NULL,1,NULL
699,Intel,"Core i7-7820X",8,"{'cycles': 3600000000}","{'cycles': 4500000000}",NULL,1,NULL
700,Intel,"Core i7-8086K",6,"{'cycles': 4000000000}","{'cycles': 5000000000}","Intel UHD Graphics 630",1,NULL
701,Intel,"Core i7-860",4,"{'cycles': 2800000000}",NULL,NULL,1,NULL
702,Intel,"Core i7-860S",4,"{'cycles': 2530000000}",NULL,NULL,1,NULL
703,Intel,"Core i7-860S",4,"{'cycles': 2530000000}",NULL,NULL,1,NULL
704,Intel,"Core i7-870",4,"{'cycles': 2930000000}",NULL,NULL,1,NULL
705,Intel,"Core i7-870",4,"{'cycles': 2930000000}",NULL,NULL,1,NULL
706,Intel,"Core i7-8700",6,"{'cycles': 3200000000}","{'cycles': 4600000000}","Intel UHD Graphics 630",1,NULL
707,Intel,"Core i7-8700",6,"{'cycles': 3200000000}","{'cycles': 4600000000}","Intel UHD Graphics 630",1,NULL
708,Intel,"Core i7-8700K",6,"{'cycles': 3700000000}","{'cycles': 4700000000}","Intel UHD Graphics 630",1,NULL
709,Intel,"Core i7-8700K",6,"{'cycles': 3700000000}","{'cycles': 4700000000}","Intel UHD Graphics 630",1,NULL
710,Intel,"Core i7-8700T",6,"{'cycles': 2400000000}","{'cycles': 4000000000}","Intel UHD Graphics 630",1,NULL
711,Intel,"Core i7-870S",4,"{'cycles': 2667000000}",NULL,NULL,1,NULL
712,Intel,"Core i7-875K",4,"{'cycles': 2930000000}",NULL,NULL,1,NULL
713,Intel,"Core i7-880",4,"{'cycles': 3060000000}",NULL,NULL,1,NULL
714,Intel,"Core i7-920",4,"{'cycles': 2660000000}",NULL,NULL,1,NULL
715,Intel,"Core i7-920",4,"{'cycles': 2660000000}",NULL,NULL,1,NULL
716,Intel,"Core i7-930",4,"{'cycles': 2800000000}",NULL,NULL,1,NULL
717,Intel,"Core i7-930",4,"{'cycles': 2800000000}",NULL,NULL,1,NULL
718,Intel,"Core i7-940",4,"{'cycles': 2930000000}",NULL,NULL,1,NULL
719,Intel,"Core i7-940",4,"{'cycles': 2930000000}",NULL,NULL,1,NULL
720,Intel,"Core i7-950",4,"{'cycles': 3060000000}",NULL,NULL,1,NULL
721,Intel,"Core i7-960",4,"{'cycles': 3200000000}",NULL,NULL,1,NULL
722,Intel,"Core i7-965 Extreme Edition",4,"{'cycles': 3200000000}",NULL,NULL,1,NULL
723,Intel,"Core i7-965 Extreme Edition",4,"{'cycles': 3200000000}",NULL,NULL,1,NULL
724,Intel,"Core i7-970",6,"{'cycles': 3200000000}",NULL,NULL,1,NULL
725,Intel,"Core i7-9700",8,"{'cycles': 3000000000}","{'cycles': 4700000000}","Intel HD Graphics 630",0,NULL
726,Intel,"Core i7-9700",8,"{'cycles': 3000000000}","{'cycles': 4700000000}","Intel HD Graphics 630",0,NULL
727,Intel,"Core i7-9700F",8,"{'cycles': 3000000000}","{'cycles': 4700000000}",NULL,0,NULL
728,Intel,"Core i7-9700F",8,"{'cycles': 3000000000}","{'cycles': 4700000000}",NULL,0,NULL
729,Intel,"Core i7-9700K",8,"{'cycles': 3600000000}","{'cycles': 4900000000}","Intel UHD Graphics 630",0,NULL
730,Intel,"Core i7-9700K",8,"{'cycles': 3600000000}","{'cycles': 4900000000}","Intel UHD Graphics 630",0,NULL
731,Intel,"Core i7-9700KF",8,"{'cycles': 3600000000}","{'cycles': 4900000000}",NULL,0,NULL
732,Intel,"Core i7-9700T",8,"{'cycles': 2000000000}","{'cycles': 4300000000}","Intel HD Graphics 630",0,NULL
733,Intel,"Core i7-975 Extreme Edition",4,"{'cycles': 3330000000}",NULL,NULL,1,NULL
734,Intel,"Core i7-980",6,"{'cycles': 3333000000}",NULL,NULL,1,NULL
735,Intel,"Core i7-9800X",8,"{'cycles': 3800000000}","{'cycles': 4500000000}",NULL,1,NULL
736,Intel,"Core i7-9800X",8,"{'cycles': 3800000000}","{'cycles': 4500000000}",NULL,1,NULL
737,Intel,"Core i7-980X Extreme Edition",6,"{'cycles': 3330000000}",NULL,NULL,1,NULL
738,Intel,"Core i7-990X Extreme Edition",6,"{'cycles': 3467000000}",NULL,NULL,1,NULL
739,Intel,"Core i9-10850K",10,"{'cycles': 3600000000}","{'cycles': 5200000000}","Intel UHD Graphics 630",1,NULL
740,Intel,"Core i9-10850K",10,"{'cycles': 3600000000}","{'cycles': 5200000000}","Intel UHD Graphics 630",1,NULL
741,Intel,"Core i9-10850KA Avengers Limited Edition",10,"{'cycles': 3600000000}","{'cycles': 5200000000}","Intel UHD Graphics 630",1,NULL
742,Intel,"Core i9-10900",10,"{'cycles': 2800000000}","{'cycles': 5200000000}","Intel UHD Graphics 630",1,NULL
743,Intel,"Core i9-10900F",10,"{'cycles': 2800000000}","{'cycles': 5200000000}",NULL,1,NULL
744,Intel,"Core i9-10900K",10,"{'cycles': 3700000000}","{'cycles': 5300000000}","Intel UHD Graphics 630",1,NULL
745,Intel,"Core i9-10900KF",10,"{'cycles': 3700000000}","{'cycles': 5300000000}",NULL,1,NULL
746,Intel,"Core i9-10900X",10,"{'cycles': 3700000000}","{'cycles': 4700000000}",NULL,1,NULL
747,Intel,"Core i9-10920X",12,"{'cycles': 3500000000}","{'cycles': 4800000000}",NULL,1,NULL
748,Intel,"Core i9-10940X",14,"{'cycles': 3300000000}","{'cycles': 4800000000}",NULL,1,NULL
749,Intel,"Core i9-10980XE",18,"{'cycles': 3000000000}","{'cycles': 4800000000}",NULL,1,NULL
750,Intel,"Core i9-7900X",10,"{'cycles': 3300000000}","{'cycles': 4500000000}",NULL,1,NULL
751,Intel,"Core i9-7900X",10,"{'cycles': 3300000000}","{'cycles': 4500000000}",NULL,1,NULL
752,Intel,"Core i9-7900X",10,"{'cycles': 3300000000}","{'cycles': 4500000000}",NULL,1,NULL
753,Intel,"Core i9-7920X",12,"{'cycles': 2900000000}","{'cycles': 4400000000}",NULL,1,NULL
754,Intel,"Core i9-7920X",12,"{'cycles': 2900000000}","{'cycles': 4400000000}",NULL,1,NULL
755,Intel,"Core i9-7940X",14,"{'cycles': 3100000000}","{'cycles': 4400000000}",NULL,1,NULL
756,Intel,"Core i9-7960X",16,"{'cycles': 2800000000}","{'cycles': 4400000000}",NULL,1,NULL
757,Intel,"Core i9-7960X",16,"{'cycles': 2800000000}","{'cycles': 4400000000}",NULL,1,NULL
758,Intel,"Core i9-7980XE",18,"{'cycles': 2600000000}","{'cycles': 4400000000}",NULL,1,NULL
759,Intel,"Core i9-7980XE",18,"{'cycles': 2600000000}","{'cycles': 4400000000}",NULL,1,NULL
760,Intel,"Core i9-9820X",10,"{'cycles': 3300000000}","{'cycles': 4099999999}",NULL,1,NULL
761,Intel,"Core i9-9820X",10,"{'cycles': 3300000000}","{'cycles': 4099999999}",NULL,1,NULL
762,Intel,"Core i9-9900",8,"{'cycles': 3100000000}","{'cycles': 5000000000}","Intel UHD Graphics 630",1,NULL
763,Intel,"Core i9-9900",8,"{'cycles': 3100000000}","{'cycles': 5000000000}","Intel UHD Graphics 630",1,NULL
764,Intel,"Core i9-9900K",8,"{'cycles': 3600000000}","{'cycles': 5000000000}","Intel UHD Graphics 630",1,NULL
765,Intel,"Core i9-9900K",8,"{'cycles': 3600000000}","{'cycles': 5000000000}","Intel UHD Graphics 630",1,NULL
766,Intel,"Core i9-9900K (Standard Folding Box)",8,"{'cycles': 3600000000}","{'cycles': 5000000000}","Intel UHD Graphics 630",1,NULL
767,Intel,"Core i9-9900KF",8,"{'cycles': 3600000000}","{'cycles': 5000000000}",NULL,1,NULL
768,Intel,"Core i9-9900KS",8,"{'cycles': 4000000000}","{'cycles': 5000000000}","Intel UHD Graphics 630",1,NULL
769,Intel,"Core i9-9900T",8,"{'cycles': 2100000000}","{'cycles': 4400000000}","Intel UHD Graphics 630",1,NULL
770,Intel,"Core i9-9900X",10,"{'cycles': 3500000000}","{'cycles': 4400000000}",NULL,1,NULL
771,Intel,"Core i9-9900X",10,"{'cycles': 3500000000}","{'cycles': 4400000000}",NULL,1,NULL
772,Intel,"Core i9-9920X",12,"{'cycles': 3500000000}","{'cycles': 4400000000}",NULL,1,NULL
773,Intel,"Core i9-9920X",12,"{'cycles': 3500000000}","{'cycles': 4400000000}",NULL,1,NULL
774,Intel,"Core i9-9940X",14,"{'cycles': 3300000000}","{'cycles': 4400000000}",NULL,1,NULL
775,Intel,"Core i9-9940X",14,"{'cycles': 3300000000}","{'cycles': 4400000000}",NULL,1,NULL
776,Intel,"Core i9-9960X",16,"{'cycles': 3100000000}","{'cycles': 4400000000}",NULL,1,NULL
777,Intel,"Core i9-9960X",16,"{'cycles': 3100000000}","{'cycles': 4400000000}",NULL,1,NULL
778,Intel,"Core i9-9980XE",18,"{'cycles': 3000000000}","{'cycles': 4400000000}",NULL,1,NULL
779,Intel,"Core i9-9980XE",18,"{'cycles': 3000000000}","{'cycles': 4400000000}",NULL,1,NULL
780,Intel,"Pentium E2140",2,"{'cycles': 1600000000}",NULL,NULL,0,NULL
781,Intel,"Pentium E2140",2,"{'cycles': 1600000000}",NULL,NULL,0,NULL
782,Intel,"Pentium E2160",2,"{'cycles': 1800000000}",NULL,NULL,0,NULL
783,Intel,"Pentium E2180",2,"{'cycles': 2000000000}",NULL,NULL,0,NULL
784,Intel,"Pentium E2180",2,"{'cycles': 2000000000}",NULL,NULL,0,NULL
785,Intel,"Pentium E2200",2,"{'cycles': 2200000000}",NULL,NULL,0,NULL
786,Intel,"Pentium E2200",2,"{'cycles': 2200000000}",NULL,NULL,0,NULL
787,Intel,"Pentium E2220",2,"{'cycles': 2400000000}",NULL,NULL,0,NULL
788,Intel,"Pentium E2220",2,"{'cycles': 2400000000}",NULL,NULL,0,NULL
789,Intel,"Pentium E5200",2,"{'cycles': 2500000000}",NULL,NULL,0,NULL
790,Intel,"Pentium E5300",2,"{'cycles': 2600000000}",NULL,NULL,0,NULL
791,Intel,"Pentium E5300",2,"{'cycles': 2600000000}",NULL,NULL,0,NULL
792,Intel,"Pentium E5400",2,"{'cycles': 2700000000}",NULL,NULL,0,NULL
793,Intel,"Pentium E5400",2,"{'cycles': 2700000000}",NULL,NULL,0,NULL
794,Intel,"Pentium E5500",2,"{'cycles': 2800000000}",NULL,NULL,0,NULL
795,Intel,"Pentium E5700",2,"{'cycles': 3000000000}",NULL,NULL,0,NULL
796,Intel,"Pentium E5800",2,"{'cycles': 3200000000}",NULL,NULL,0,NULL
797,Intel,"Pentium E6300",2,"{'cycles': 2800000000}",NULL,NULL,0,NULL
798,Intel,"Pentium E6300",2,"{'cycles': 2800000000}",NULL,NULL,0,NULL
799,Intel,"Pentium E6500",2,"{'cycles': 2930000000}",NULL,NULL,0,NULL
800,Intel,"Pentium E6500",2,"{'cycles': 2930000000}",NULL,NULL,0,NULL
801,Intel,"Pentium E6600",2,"{'cycles': 3060000000}",NULL,NULL,0,NULL
802,Intel,"Pentium E6600",2,"{'cycles': 3060000000}",NULL,NULL,0,NULL
803,Intel,"Pentium E6700",2,"{'cycles': 3200000000}",NULL,NULL,0,NULL
804,Intel,"Pentium E6800",2,"{'cycles': 3333000000}",NULL,NULL,0,NULL
805,Intel,"Pentium G2010",2,"{'cycles': 2800000000}",NULL,"Intel HD Graphics",0,NULL
806,Intel,"Pentium G2020",2,"{'cycles': 2900000000}",NULL,"Intel HD Graphics",0,NULL
807,Intel,"Pentium G2030",2,"{'cycles': 3000000000}",NULL,"Intel HD Graphics",0,NULL
808,Intel,"Pentium G2120",2,"{'cycles': 3100000000}",NULL,"Intel HD Graphics",0,NULL
809,Intel,"Pentium G2130",2,"{'cycles': 3200000000}",NULL,"Intel HD Graphics",0,NULL
810,Intel,"Pentium G2140",2,"{'cycles': 3300000000}",NULL,"Intel HD Graphics",0,NULL
811,Intel,"Pentium G3220",2,"{'cycles': 3000000000}",NULL,"Intel HD Graphics",0,NULL
812,Intel,"Pentium G3240",2,"{'cycles': 3100000000}",NULL,"Intel HD Graphics",0,NULL
813,Intel,"Pentium G3250",2,"{'cycles': 3200000000}",NULL,"Intel HD Graphics",0,NULL
814,Intel,"Pentium G3250T",2,"{'cycles': 2800000000}",NULL,"Intel HD Graphics",0,NULL
815,Intel,"Pentium G3258",2,"{'cycles': 3200000000}",NULL,"Intel HD Graphics",0,NULL
816,Intel,"Pentium G3258",2,"{'cycles': 3200000000}",NULL,"Intel HD Graphics",0,NULL
817,Intel,"Pentium G3260",2,"{'cycles': 3300000000}",NULL,"Intel HD Graphics",0,NULL
818,Intel,"Pentium G3420",2,"{'cycles': 3200000000}",NULL,"Intel HD Graphics",0,NULL
819,Intel,"Pentium G3420",2,"{'cycles': 3200000000}",NULL,"Intel HD Graphics",0,NULL
820,Intel,"Pentium G3430",2,"{'cycles': 3300000000}",NULL,"Intel HD Graphics",0,NULL
821,Intel,"Pentium G3440",2,"{'cycles': 3300000000}",NULL,"Intel HD Graphics",0,NULL
822,Intel,"Pentium G3450",2,"{'cycles': 3400000000}",NULL,"Intel HD Graphics",0,NULL
823,Intel,"Pentium G3460",2,"{'cycles': 3500000000}",NULL,"Intel HD Graphics",0,NULL
824,Intel,"Pentium G3460",2,"{'cycles': 3500000000}",NULL,"Intel HD Graphics",0,NULL
825,Intel,"Pentium G3470",2,"{'cycles': 3600000000}",NULL,"Intel HD Graphics",0,NULL
826,Intel,"Pentium G3470",2,"{'cycles': 3600000000}",NULL,"Intel HD Graphics",0,NULL
827,Intel,"Pentium G4400",2,"{'cycles': 3300000000}",NULL,"Intel HD Graphics 510",0,NULL
828,Intel,"Pentium G4400",2,"{'cycles': 3300000000}",NULL,"Intel HD Graphics 510",0,NULL
829,Intel,"Pentium G4400T",2,"{'cycles': 2900000000}",NULL,"Intel HD Graphics 510",0,NULL
830,Intel,"Pentium G4500",2,"{'cycles': 3500000000}",NULL,"Intel HD Graphics 530",0,NULL
831,Intel,"Pentium G4500T",2,"{'cycles': 3000000000}",NULL,"Intel HD Graphics 530",0,NULL
832,Intel,"Pentium G4520",2,"{'cycles': 3600000000}",NULL,"Intel HD Graphics 530",0,NULL
833,Intel,"Pentium G4520",2,"{'cycles': 3600000000}",NULL,"Intel HD Graphics 530",0,NULL
834,Intel,"Pentium G4560",2,"{'cycles': 3500000000}",NULL,"Intel HD Graphics 610",1,NULL
835,Intel,"Pentium G4560",2,"{'cycles': 3500000000}",NULL,"Intel HD Graphics 610",1,NULL
836,Intel,"Pentium G4560T",2,"{'cycles': 2900000000}",NULL,"Intel HD Graphics 610",1,NULL
837,Intel,"Pentium G4600",2,"{'cycles': 3600000000}",NULL,"Intel HD Graphics 630",1,NULL
838,Intel,"Pentium G4600",2,"{'cycles': 3600000000}",NULL,"Intel HD Graphics 630",1,NULL
839,Intel,"Pentium G4600T",2,"{'cycles': 3000000000}",NULL,"Intel HD Graphics 630",1,NULL
840,Intel,"Pentium G4620",2,"{'cycles': 3700000000}",NULL,"Intel HD Graphics 630",1,NULL
841,Intel,"Pentium G4620",2,"{'cycles': 3700000000}",NULL,"Intel HD Graphics 630",1,NULL
842,Intel,"Pentium G550",2,"{'cycles': 2600000000}",NULL,"Intel HD Graphics",0,NULL
843,Intel,"Pentium G620",2,"{'cycles': 2600000000}",NULL,"Intel HD Graphics",0,NULL
844,Intel,"Pentium G620T",2,"{'cycles': 2200000000}",NULL,"Intel HD Graphics",0,NULL
845,Intel,"Pentium G630",2,"{'cycles': 2700000000}",NULL,"Intel HD Graphics",0,NULL
846,Intel,"Pentium G630T",2,"{'cycles': 2300000000}",NULL,"Intel HD Graphics",0,NULL
847,Intel,"Pentium G640",2,"{'cycles': 2800000000}",NULL,"Intel HD Graphics",0,NULL
848,Intel,"Pentium G640T",2,"{'cycles': 2400000000}",NULL,"Intel HD Graphics",0,NULL
849,Intel,"Pentium G645",2,"{'cycles': 2900000000}",NULL,"Intel HD Graphics 2500",0,NULL
850,Intel,"Pentium G6950",2,"{'cycles': 2800000000}",NULL,"Intel HD Graphics",0,NULL
851,Intel,"Pentium G840",2,"{'cycles': 2800000000}",NULL,"Intel HD Graphics",0,NULL
852,Intel,"Pentium G850",2,"{'cycles': 2900000000}",NULL,"Intel HD Graphics",0,NULL
853,Intel,"Pentium G860",2,"{'cycles': 3000000000}",NULL,"Intel HD Graphics",0,NULL
854,Intel,"Pentium G870",2,"{'cycles': 3100000000}",NULL,"Intel HD Graphics",0,NULL
855,Intel,"Pentium Gold G5400",2,"{'cycles': 3700000000}",NULL,"Intel UHD Graphics 610",1,NULL
856,Intel,"Pentium Gold G5400",2,"{'cycles': 3700000000}",NULL,"Intel UHD Graphics 610",1,NULL
857,Intel,"Pentium Gold G5400T",2,"{'cycles': 3100000000}",NULL,"Intel UHD Graphics 610",1,NULL
858,Intel,"Pentium Gold G5420",2,"{'cycles': 3800000000}",NULL,"Intel UHD Graphics 610",1,NULL
859,Intel,"Pentium Gold G5500",2,"{'cycles': 3800000000}",NULL,"Intel UHD Graphics 630",1,NULL
860,Intel,"Pentium Gold G5500",2,"{'cycles': 3800000000}",NULL,"Intel UHD Graphics 630",1,NULL
861,Intel,"Pentium Gold G5500T",2,"{'cycles': 3200000000}",NULL,"Intel UHD Graphics 630",1,NULL
862,Intel,"Pentium Gold G5600",2,"{'cycles': 3900000000}",NULL,"Intel UHD Graphics 630",1,NULL
863,Intel,"Pentium Gold G6400",2,"{'cycles': 4000000000}",NULL,"Intel UHD Graphics 610",1,NULL
864,Intel,"Pentium Gold G6500",2,"{'cycles': 4099999999}",NULL,"Intel UHD Graphics 630",1,NULL
865,Intel,"Pentium Gold G6600",2,"{'cycles': 4200000000}",NULL,"Intel UHD Graphics 630",1,NULL
866,Intel,"Xeon E-2104G",4,"{'cycles': 3200000000}",NULL,"Intel HD Graphics P630",0,NULL
867,Intel,"Xeon E-2124",4,"{'cycles': 3300000000}","{'cycles': 4300000000}",NULL,0,NULL
868,Intel,"Xeon E-2124",4,"{'cycles': 3300000000}","{'cycles': 4300000000}",NULL,0,NULL
869,Intel,"Xeon E-2124G",4,"{'cycles': 3400000000}","{'cycles': 4500000000}","Intel HD Graphics P630",0,NULL
870,Intel,"Xeon E-2124G",4,"{'cycles': 3400000000}","{'cycles': 4500000000}","Intel HD Graphics P630",0,NULL
871,Intel,"Xeon E-2126G",6,"{'cycles': 3300000000}","{'cycles': 4500000000}","Intel HD Graphics P630",0,NULL
872,Intel,"Xeon E-2134",4,"{'cycles': 3500000000}","{'cycles': 4500000000}",NULL,1,NULL
873,Intel,"Xeon E-2134",4,"{'cycles': 3500000000}","{'cycles': 4500000000}",NULL,1,NULL
874,Intel,"Xeon E-2136",6,"{'cycles': 3300000000}","{'cycles': 4500000000}",NULL,1,NULL
875,Intel,"Xeon E-2136",6,"{'cycles': 3300000000}","{'cycles': 4500000000}",NULL,1,NULL
876,Intel,"Xeon E-2144G",4,"{'cycles': 3600000000}","{'cycles': 4500000000}","Intel HD Graphics P630",1,NULL
877,Intel,"Xeon E-2146G",6,"{'cycles': 3500000000}","{'cycles': 4500000000}","Intel HD Graphics P630",1,NULL
878,Intel,"Xeon E-2146G",6,"{'cycles': 3500000000}","{'cycles': 4500000000}","Intel HD Graphics P630",1,NULL
879,Intel,"Xeon E-2174G",4,"{'cycles': 3800000000}","{'cycles': 4700000000}","Intel HD Graphics P630",1,NULL
880,Intel,"Xeon E-2174G",4,"{'cycles': 3800000000}","{'cycles': 4700000000}","Intel HD Graphics P630",1,NULL
881,Intel,"Xeon E-2176G",6,"{'cycles': 3700000000}","{'cycles': 4700000000}","Intel HD Graphics P630",1,NULL
882,Intel,"Xeon E-2176G",6,"{'cycles': 3700000000}","{'cycles': 4700000000}","Intel HD Graphics P630",1,NULL
883,Intel,"Xeon E-2236",6,"{'cycles': 3400000000}","{'cycles': 4800000000}",NULL,1,NULL
884,Intel,"Xeon E-2236",6,"{'cycles': 3400000000}","{'cycles': 4800000000}",NULL,1,NULL
885,Intel,"Xeon E-2244G",4,"{'cycles': 3800000000}","{'cycles': 4800000000}","Intel HD Graphics P630",1,NULL
886,Intel,"Xeon E-2246G",6,"{'cycles': 3600000000}","{'cycles': 4800000000}","Intel HD Graphics P630",1,NULL
887,Intel,"Xeon E-2274G",4,"{'cycles': 4000000000}","{'cycles': 4900000000}","Intel HD Graphics P630",1,NULL
888,Intel,"Xeon E-2274G",4,"{'cycles': 4000000000}","{'cycles': 4900000000}","Intel HD Graphics P630",1,NULL
889,Intel,"Xeon E-2276G",6,"{'cycles': 3800000000}","{'cycles': 4900000000}","Intel HD Graphics P630",1,NULL
890,Intel,"Xeon E-2278G",8,"{'cycles': 3400000000}","{'cycles': 5000000000}","Intel HD Graphics P630",1,NULL
891,Intel,"Xeon E-2286G",6,"{'cycles': 4000000000}","{'cycles': 4900000000}","Intel HD Graphics P630",1,NULL
892,Intel,"Xeon E-2288G",8,"{'cycles': 3700000000}","{'cycles': 5000000000}","Intel HD Graphics P630",1,NULL
893,Intel,"Xeon E3-1220",4,"{'cycles': 3100000000}",NULL,NULL,0,NULL
894,Intel,"Xeon E3-1220 V2",4,"{'cycles': 3100000000}",NULL,NULL,0,NULL
895,Intel,"Xeon E3-1220 V3",4,"{'cycles': 3100000000}","{'cycles': 3500000000}",NULL,0,NULL
896,Intel,"Xeon E3-1220 V5",4,"{'cycles': 3000000000}","{'cycles': 3500000000}",NULL,0,NULL
897,Intel,"Xeon E3-1220 V5",4,"{'cycles': 3000000000}","{'cycles': 3500000000}",NULL,0,NULL
898,Intel,"Xeon E3-1220 V6",4,"{'cycles': 3000000000}","{'cycles': 3500000000}",NULL,0,NULL
899,Intel,"Xeon E3-1220 V6",4,"{'cycles': 3000000000}","{'cycles': 3500000000}",NULL,0,NULL
900,Intel,"Xeon E3-1225",4,"{'cycles': 3100000000}",NULL,"Intel HD Graphics",0,NULL
901,Intel,"Xeon E3-1225 V2",4,"{'cycles': 3200000000}",NULL,"Intel HD Graphics P4000",0,NULL
902,Intel,"Xeon E3-1225 V3",4,"{'cycles': 3200000000}","{'cycles': 3600000000}","Intel HD Graphics P4600",0,NULL
903,Intel,"Xeon E3-1225 V5",4,"{'cycles': 3300000000}","{'cycles': 3700000000}","Intel HD Graphics P530",0,NULL
904,Intel,"Xeon E3-1225 V5",4,"{'cycles': 3300000000}","{'cycles': 3700000000}","Intel HD Graphics P530",0,NULL
905,Intel,"Xeon E3-1225 V6",4,"{'cycles': 3300000000}","{'cycles': 3700000000}","Intel HD Graphics P630",0,NULL
906,Intel,"Xeon E3-1225 V6",4,"{'cycles': 3300000000}","{'cycles': 3700000000}","Intel HD Graphics P630",0,NULL
907,Intel,"Xeon E3-1226 V3",4,"{'cycles': 3300000000}","{'cycles': 3700000000}","Intel HD Graphics P4600",0,NULL
908,Intel,"Xeon E3-1230",4,"{'cycles': 3200000000}",NULL,NULL,1,NULL
909,Intel,"Xeon E3-1230 V2",4,"{'cycles': 3300000000}",NULL,NULL,1,NULL
910,Intel,"Xeon E3-1230 V2",4,"{'cycles': 3300000000}",NULL,NULL,1,NULL
911,Intel,"Xeon E3-1230 V3",4,"{'cycles': 3300000000}","{'cycles': 3700000000}",NULL,1,NULL
912,Intel,"Xeon E3-1230 V3",4,"{'cycles': 3300000000}","{'cycles': 3700000000}",NULL,1,NULL
913,Intel,"Xeon E3-1230 V5",4,"{'cycles': 3400000000}","{'cycles': 3800000000}",NULL,1,NULL
914,Intel,"Xeon E3-1230 V6",4,"{'cycles': 3500000000}","{'cycles': 3900000000}",NULL,1,NULL
915,Intel,"Xeon E3-1230 V6",4,"{'cycles': 3500000000}","{'cycles': 3900000000}",NULL,1,NULL
916,Intel,"Xeon E3-1231 V3",4,"{'cycles': 3400000000}","{'cycles': 3800000000}",NULL,1,NULL
917,Intel,"Xeon E3-1235",4,"{'cycles': 3200000000}",NULL,"Intel HD Graphics",1,NULL
918,Intel,"Xeon E3-1235L V5",4,"{'cycles': 2000000000}","{'cycles': 3000000000}","Intel HD Graphics P530",0,NULL
919,Intel,"Xeon E3-1240",4,"{'cycles': 3300000000}",NULL,NULL,1,NULL
920,Intel,"Xeon E3-1240 V2",4,"{'cycles': 3400000000}",NULL,NULL,1,NULL
921,Intel,"Xeon E3-1240 V3",4,"{'cycles': 3400000000}","{'cycles': 3800000000}",NULL,1,NULL
922,Intel,"Xeon E3-1240 V5",4,"{'cycles': 3500000000}","{'cycles': 3900000000}",NULL,1,NULL
923,Intel,"Xeon E3-1240 V5",4,"{'cycles': 3500000000}","{'cycles': 3900000000}",NULL,1,NULL
924,Intel,"Xeon E3-1240 V6",4,"{'cycles': 3700000000}","{'cycles': 4099999999}",NULL,1,NULL
925,Intel,"Xeon E3-1240 V6",4,"{'cycles': 3700000000}","{'cycles': 4099999999}",NULL,1,NULL
926,Intel,"Xeon E3-1240L V5",4,"{'cycles': 2100000000}","{'cycles': 3200000000}",NULL,1,NULL
927,Intel,"Xeon E3-1241 V3",4,"{'cycles': 3500000000}","{'cycles': 3900000000}",NULL,1,NULL
928,Intel,"Xeon E3-1245",4,"{'cycles': 3300000000}",NULL,"Intel HD Graphics",1,NULL
929,Intel,"Xeon E3-1245 V2",4,"{'cycles': 3400000000}",NULL,"Intel HD Graphics P4000",1,NULL
930,Intel,"Xeon E3-1245 V3",4,"{'cycles': 3400000000}","{'cycles': 3800000000}","Intel HD Graphics P4600",1,NULL
931,Intel,"Xeon E3-1245 V5",4,"{'cycles': 3500000000}","{'cycles': 3900000000}","Intel HD Graphics P530",1,NULL
932,Intel,"Xeon E3-1245 V5",4,"{'cycles': 3500000000}","{'cycles': 3900000000}","Intel HD Graphics P530",1,NULL
933,Intel,"Xeon E3-1245 V6",4,"{'cycles': 3700000000}","{'cycles': 4099999999}","Intel HD Graphics P630",1,NULL
934,Intel,"Xeon E3-1245 V6",4,"{'cycles': 3700000000}","{'cycles': 4099999999}","Intel HD Graphics P630",1,NULL
935,Intel,"Xeon E3-1246 V3",4,"{'cycles': 3500000000}","{'cycles': 3900000000}","Intel HD Graphics P4600",1,NULL
936,Intel,"Xeon E3-1260L V5",4,"{'cycles': 2900000000}","{'cycles': 3900000000}",NULL,1,NULL
937,Intel,"Xeon E3-1265L V2",4,"{'cycles': 2500000000}",NULL,"Intel HD Graphics 2500",1,NULL
938,Intel,"Xeon E3-1265L V3",4,"{'cycles': 2500000000}","{'cycles': 3700000000}","Intel HD Graphics",1,NULL
939,Intel,"Xeon E3-1270",4,"{'cycles': 3400000000}",NULL,NULL,1,NULL
940,Intel,"Xeon E3-1270 V2",4,"{'cycles': 3500000000}",NULL,NULL,1,NULL
941,Intel,"Xeon E3-1270 V3",4,"{'cycles': 3500000000}","{'cycles': 3900000000}",NULL,1,NULL
942,Intel,"Xeon E3-1270 V3",4,"{'cycles': 3500000000}","{'cycles': 3900000000}",NULL,1,NULL
943,Intel,"Xeon E3-1270 V5",4,"{'cycles': 3600000000}","{'cycles': 4000000000}",NULL,1,NULL
944,Intel,"Xeon E3-1270 V6",4,"{'cycles': 3800000000}","{'cycles': 4200000000}",NULL,1,NULL
945,Intel,"Xeon E3-1270 V6",4,"{'cycles': 3800000000}","{'cycles': 4200000000}",NULL,1,NULL
946,Intel,"Xeon E3-1271 V3",4,"{'cycles': 3600000000}","{'cycles': 4000000000}",NULL,1,NULL
947,Intel,"Xeon E3-1275",4,"{'cycles': 3400000000}",NULL,"Intel HD Graphics",1,NULL
948,Intel,"Xeon E3-1275 V2",4,"{'cycles': 3500000000}",NULL,"Intel HD Graphics P4000",1,NULL
949,Intel,"Xeon E3-1275 V3",4,"{'cycles': 3500000000}","{'cycles': 3900000000}","Intel HD Graphics P4600",1,NULL
950,Intel,"Xeon E3-1275 V5",4,"{'cycles': 3600000000}","{'cycles': 4000000000}","Intel HD Graphics P530",1,NULL
951,Intel,"Xeon E3-1275 V6",4,"{'cycles': 3800000000}","{'cycles': 4200000000}","Intel HD Graphics P630",1,NULL
952,Intel,"Xeon E3-1275 V6",4,"{'cycles': 3800000000}","{'cycles': 4200000000}","Intel HD Graphics P630",1,NULL
953,Intel,"Xeon E3-1276 V3",4,"{'cycles': 3600000000}","{'cycles': 4000000000}","Intel HD Graphics P4600",1,NULL
954,Intel,"Xeon E3-1280",4,"{'cycles': 3500000000}",NULL,NULL,1,NULL
955,Intel,"Xeon E3-1280",4,"{'cycles': 3500000000}",NULL,NULL,1,NULL
956,Intel,"Xeon E3-1280 V5",4,"{'cycles': 3700000000}","{'cycles': 4000000000}",NULL,1,NULL
957,Intel,"Xeon E3-1280 V6",4,"{'cycles': 3900000000}","{'cycles': 4200000000}",NULL,1,NULL
958,Intel,"Xeon E3-1285 V6",4,"{'cycles': 4099999999}","{'cycles': 4500000000}","Intel HD Graphics 630",1,NULL
959,Intel,"Xeon E5-1620",4,"{'cycles': 3600000000}","{'cycles': 3800000000}",NULL,1,NULL
960,Intel,"Xeon E5-1620 V2",4,"{'cycles': 3700000000}","{'cycles': 3900000000}",NULL,1,NULL
961,Intel,"Xeon E5-1620 V3",4,"{'cycles': 3500000000}","{'cycles': 3600000000}",NULL,1,NULL
962,Intel,"Xeon E5-1620 V3",4,"{'cycles': 3500000000}","{'cycles': 3600000000}",NULL,1,NULL
963,Intel,"Xeon E5-1620 V4",4,"{'cycles': 3500000000}","{'cycles': 3800000000}",NULL,1,NULL
964,Intel,"Xeon E5-1620 V4",4,"{'cycles': 3500000000}","{'cycles': 3800000000}",NULL,1,NULL
965,Intel,"Xeon E5-1630 V3",4,"{'cycles': 3700000000}","{'cycles': 3800000000}",NULL,1,NULL
966,Intel,"Xeon E5-1630 V4",4,"{'cycles': 3700000000}","{'cycles': 4000000000}",NULL,1,NULL
967,Intel,"Xeon E5-1650",6,"{'cycles': 3200000000}","{'cycles': 3800000000}",NULL,1,NULL
968,Intel,"Xeon E5-1650 V2",6,"{'cycles': 3500000000}","{'cycles': 3900000000}",NULL,1,NULL
969,Intel,"Xeon E5-1650 V3",6,"{'cycles': 3500000000}","{'cycles': 3800000000}",NULL,1,NULL
970,Intel,"Xeon E5-1650 V4",6,"{'cycles': 3600000000}","{'cycles': 4000000000}",NULL,1,NULL
971,Intel,"Xeon E5-1660",6,"{'cycles': 3300000000}","{'cycles': 3900000000}",NULL,1,NULL
972,Intel,"Xeon E5-1660 V2",6,"{'cycles': 3700000000}","{'cycles': 4000000000}",NULL,1,NULL
973,Intel,"Xeon E5-1660 V2",6,"{'cycles': 3700000000}","{'cycles': 4000000000}",NULL,1,NULL
974,Intel,"Xeon E5-1660 V3",8,"{'cycles': 3000000000}","{'cycles': 3500000000}",NULL,1,NULL
975,Intel,"Xeon E5-1680 V3",8,"{'cycles': 3200000000}","{'cycles': 3800000000}",NULL,1,NULL
976,Intel,"Xeon E5-2420V2",6,"{'cycles': 2200000000}","{'cycles': 2700000000}",NULL,1,NULL
977,Intel,"Xeon E5-2430V2",6,"{'cycles': 2500000000}","{'cycles': 3000000000}",NULL,1,NULL
978,Intel,"Xeon E5-2440V2",8,"{'cycles': 1900000000}","{'cycles': 2400000000}",NULL,1,NULL
979,Intel,"Xeon E5-2450V2",8,"{'cycles': 2500000000}","{'cycles': 3300000000}",NULL,1,NULL
980,Intel,"Xeon E5-2470V2",10,"{'cycles': 2400000000}","{'cycles': 3200000000}",NULL,1,NULL
981,Intel,"Xeon E5-2603",4,"{'cycles': 1800000000}",NULL,NULL,0,NULL
982,Intel,"Xeon E5-2603 V2",4,"{'cycles': 1800000000}",NULL,NULL,0,NULL
983,Intel,"Xeon E5-2603 V2",4,"{'cycles': 1800000000}",NULL,NULL,0,NULL
984,Intel,"Xeon E5-2603 V3",6,"{'cycles': 1600000000}",NULL,NULL,0,NULL
985,Intel,"Xeon E5-2603 V3",6,"{'cycles': 1600000000}",NULL,NULL,0,NULL
986,Intel,"Xeon E5-2603 V4",6,"{'cycles': 1700000000}",NULL,NULL,0,NULL
987,Intel,"Xeon E5-2609",4,"{'cycles': 2400000000}",NULL,NULL,0,NULL
988,Intel,"Xeon E5-2609",4,"{'cycles': 2400000000}",NULL,NULL,0,NULL
989,Intel,"Xeon E5-2609 V2",4,"{'cycles': 2500000000}",NULL,NULL,0,NULL
990,Intel,"Xeon E5-2609 V3",6,"{'cycles': 1900000000}",NULL,NULL,0,NULL
991,Intel,"Xeon E5-2609 V3",6,"{'cycles': 1900000000}",NULL,NULL,0,NULL
992,Intel,"Xeon E5-2609 V4",8,"{'cycles': 1700000000}",NULL,NULL,0,NULL
993,Intel,"Xeon E5-2620",6,"{'cycles': 2000000000}",NULL,NULL,1,NULL
994,Intel,"Xeon E5-2620",6,"{'cycles': 2000000000}",NULL,NULL,1,NULL
995,Intel,"Xeon E5-2620",6,"{'cycles': 2000000000}",NULL,NULL,1,NULL
996,Intel,"Xeon E5-2620 V2",6,"{'cycles': 2100000000}","{'cycles': 2600000000}",NULL,1,NULL
997,Intel,"Xeon E5-2620 V3",6,"{'cycles': 2400000000}","{'cycles': 3200000000}",NULL,1,NULL
998,Intel,"Xeon E5-2620 V3",6,"{'cycles': 2400000000}","{'cycles': 3200000000}",NULL,1,NULL
999,Intel,"Xeon E5-2620 V4",8,"{'cycles': 2100000000}","{'cycles': 3000000000}",NULL,1,NULL
