index,brand,model,socket,form_factor,ram_slots,max_ram,color,price
0,ASRock,760GM-GS3,AM3,"Micro ATX",2,"{'total': 8000000000}","Black / Blue",NULL
1,ASRock,760GM-HDV,AM3+/AM3,"Micro ATX",2,"{'total': 32000000000}","Black / Blue",NULL
2,ASRock,"770 Extreme3",AM3,ATX,4,"{'total': 16000000000}","Black / White",NULL
3,ASRock,770iCafe,AM3+/AM3,ATX,4,"{'total': 16000000000}","Black / Blue",NULL
4,ASRock,"870 Extreme3",AM3,ATX,4,"{'total': 16000000000}","Black / Blue",NULL
5,ASRock,"870 Extreme3 R2.0",AM3+,ATX,4,"{'total': 32000000000}","Black / Blue",NULL
6,ASRock,"870iCafe R2.0",AM3+,ATX,4,"{'total': 32000000000}","Black / Blue",NULL
7,ASRock,"880G Extreme3",AM3,ATX,4,"{'total': 16000000000}","Black / Blue",NULL
8,ASRock,"880G Pro3",AM3,ATX,4,"{'total': 32000000000}","Black / Blue",NULL
9,ASRock,880GM-LE,AM3,"Micro ATX",2,"{'total': 8000000000}","Black / Blue",NULL
10,ASRock,"880GM-LE FX",AM3+,"Micro ATX",2,"{'total': 8000000000}","Black / Blue",NULL
11,ASRock,880GMH/U3S3,AM3+,"Micro ATX",4,"{'total': 32000000000}","Black / Blue",NULL
12,ASRock,880GMH/USB3,AM3,"Micro ATX",4,"{'total': 16000000000}","Black / Blue",NULL
13,ASRock,"880GMH/USB3 R2.0",AM3,"Micro ATX",4,"{'total': 16000000000}",NULL,NULL
14,ASRock,880GXH/USB3,AM3,ATX,4,"{'total': 16000000000}","Black / Blue",NULL
15,ASRock,"890FX Deluxe3",AM3,ATX,4,"{'total': 16000000000}","Black / Blue",NULL
16,ASRock,"890FX Deluxe4",AM3,ATX,4,"{'total': 16000000000}","Black / Blue",NULL
17,ASRock,"890FX Deluxe5",AM3+,ATX,4,"{'total': 32000000000}","Black / Blue",NULL
18,ASRock,"890GM Pro3",AM3,"Micro ATX",4,"{'total': 16000000000}","Black / Blue",NULL
19,ASRock,"890GX Extreme3",AM3,ATX,4,"{'total': 16000000000}","Black / Blue",NULL
20,ASRock,"890GX Extreme4",AM3,ATX,4,"{'total': 16000000000}","Black / Blue",NULL
21,ASRock,"890GX Pro3",AM3,ATX,4,"{'total': 32000000000}",NULL,NULL
22,ASRock,"960GM/U3S3 FX",AM3+,"Micro ATX",2,"{'total': 16000000000}","Black / Blue",NULL
23,ASRock,"970 EXTREME4",AM3+,ATX,4,"{'total': 32000000000}","Black / Blue",NULL
24,ASRock,"970 Extreme3",AM3+,ATX,4,"{'total': 32000000000}",Black,NULL
25,ASRock,"970 Extreme3 R2.0",AM3+,ATX,4,"{'total': 64000000000}","Brown / Black",NULL
26,ASRock,"970 Performance",AM3+,ATX,4,"{'total': 64000000000}","Black / Red",NULL
27,ASRock,"970 Pro3",AM3+,ATX,4,"{'total': 32000000000}","Brown / Black",NULL
28,ASRock,"970 Pro3 R2.0",AM3+,ATX,4,"{'total': 64000000000}","Brown / Black",NULL
29,ASRock,970A-G/3.1,AM3+/AM3,ATX,4,"{'total': 64000000000}","Black / Red",NULL
30,ASRock,970DE3/U3S3,AM3+,ATX,4,"{'total': 32000000000}","Black / Silver",NULL
31,ASRock,"970M PRO3",AM3+/AM3,"Micro ATX",4,"{'total': 64000000000}",Black,NULL
32,ASRock,980DE3/U3S3,AM3+,ATX,4,"{'total': 32000000000}",NULL,NULL
33,ASRock,"990FX Extreme3",AM3+/AM3,ATX,4,"{'total': 32000000000}","Black / Silver",NULL
34,ASRock,"990FX Extreme4",AM3+,ATX,4,"{'total': 32000000000}","Black / Blue",NULL
35,ASRock,"990FX Extreme9",AM3+,ATX,4,"{'total': 64000000000}","Black / Gold",NULL
36,ASRock,"990FX Killer",AM3+,ATX,4,"{'total': 64000000000}","Black / Red",NULL
37,ASRock,"990FX Killer/3.1",AM3+/AM3,ATX,4,"{'total': 64000000000}","Black / Red",NULL
38,ASRock,A320M,AM4,"Micro ATX",2,"{'total': 32000000000}","Black / Silver",NULL
39,ASRock,"A320M Pro4",AM4,"Micro ATX",4,"{'total': 64000000000}","Black / White",NULL
40,ASRock,A320M-DGS,AM4,"Micro ATX",2,"{'total': 32000000000}","Black / Silver",NULL
41,ASRock,"A320M-DVS R4.0",AM4,"Micro ATX",2,"{'total': 32000000000}","Black / Silver",NULL
42,ASRock,A320M-HDV,AM4,"Micro ATX",2,"{'total': 32000000000}","Black / Silver",NULL
43,ASRock,"A320M-HDV R3.0",AM4,"Micro ATX",2,"{'total': 32000000000}",Black,NULL
44,ASRock,"A320M-HDV R4.0",AM4,"Micro ATX",2,"{'total': 32000000000}","Black / White",NULL
45,ASRock,A320M-ITX,AM4,"Mini ITX",2,"{'total': 32000000000}","Black / Silver",NULL
46,ASRock,"A520M Pro4",AM4,"Micro ATX",4,"{'total': 128000000000}","Black / Silver",NULL
47,ASRock,A520M-HDV,AM4,"Micro ATX",2,"{'total': 64000000000}","Black / Silver",NULL
48,ASRock,A520M-HDVP,AM4,"Micro ATX",2,"{'total': 64000000000}","Black / Silver",NULL
49,ASRock,A520M-HDVP/DASH,AM4,"Micro ATX",2,"{'total': 64000000000}","Black / Silver",NULL
50,ASRock,A520M-HVS,AM4,"Micro ATX",2,"{'total': 64000000000}","Black / Silver",NULL
51,ASRock,A520M-ITX/ac,AM4,"Mini ITX",2,"{'total': 64000000000}","Black / Silver",NULL
52,ASRock,A520M/ac,AM4,"Micro ATX",2,"{'total': 64000000000}","Black / Silver",NULL
53,ASRock,"A55 Pro3",FM1,ATX,4,"{'total': 32000000000}","Black / Blue",NULL
54,ASRock,A55M-HVS,FM1,"Micro ATX",2,"{'total': 16000000000}","Black / Blue",NULL
55,ASRock,A55M-VS,FM1,"Micro ATX",2,"{'total': 16000000000}","Brown / Black",NULL
56,ASRock,A68M-ITX,FM2+,"Mini ITX",2,"{'total': 32000000000}","Black / Orange",NULL
57,ASRock,"A75 Extreme6",FM1,ATX,4,"{'total': 32000000000}","Black / Blue",NULL
58,ASRock,"A75 Pro4",FM1,ATX,4,"{'total': 32000000000}","Black / Blue",NULL
59,ASRock,"A75 Pro4-M",FM1,"Micro ATX",4,"{'total': 32000000000}","Black / Blue",NULL
60,ASRock,"A75 Pro4/MVP",FM1,ATX,4,"{'total': 32000000000}","Brown / Black",NULL
61,ASRock,A75M,FM1,"Micro ATX",2,"{'total': 16000000000}","Black / Blue",NULL
62,ASRock,A75M-HVS,FM1,"Micro ATX",2,"{'total': 16000000000}","Black / Blue",NULL
63,ASRock,A75M-ITX,FM1,"Mini ITX",2,"{'total': 16000000000}","Black / Blue",NULL
64,ASRock,A770DE+,AM3/AM2+/AM2,ATX,4,"{'total': 16000000000}",NULL,NULL
65,ASRock,A780LM-S,AM3/AM2+/AM2,"Micro ATX",2,"{'total': 8000000000}",Multicolor,NULL
66,ASRock,A785GM-LE,AM3/AM2+/AM2,"Micro ATX",2,"{'total': 8000000000}",Multicolor,NULL
67,ASRock,A785GM-LE/128M,AM3/AM2+/AM2,"Micro ATX",2,"{'total': 8000000000}",Multicolor,NULL
68,ASRock,A785GMH/128M,AM3/AM2+/AM2,"Micro ATX",4,"{'total': 16000000000}",NULL,NULL
69,ASRock,A785GXH/128M,AM3/AM2+/AM2,ATX,4,"{'total': 16000000000}",NULL,NULL
70,ASRock,A790GMH/128M,AM3/AM2+/AM2,"Micro ATX",4,"{'total': 16000000000}",NULL,NULL
71,ASRock,A88M-G/3.1,FM2+,"Micro ATX",4,"{'total': 64000000000}","Black / Red",NULL
72,ASRock,"AB350 Gaming-ITX/ac",AM4,"Mini ITX",2,"{'total': 32000000000}","Black / Red",NULL
73,ASRock,"AB350 Pro4",AM4,ATX,4,"{'total': 64000000000}","Black / White",NULL
74,ASRock,AB350M,AM4,"Micro ATX",2,"{'total': 32000000000}","Black / White",NULL
75,ASRock,"AB350M Pro4",AM4,"Micro ATX",4,"{'total': 64000000000}","Black / White",NULL
76,ASRock,AB350M-HDV,AM4,"Micro ATX",2,"{'total': 32000000000}","Black / White",NULL
77,ASRock,AD2500B-ITX,"Integrated Atom D2500","Mini ITX",2,"{'total': 4000000000}","Black / Silver",NULL
78,ASRock,AD2550R/U3S3,"Integrated Atom D2550","Mini ITX",2,"{'total': 4000000000}","Black / Green",NULL
79,ASRock,AD2700-ITX,"Integrated Atom D2700","Mini ITX",2,"{'total': 4000000000}","Black / Blue",NULL
80,ASRock,AD2700B-ITX,"Integrated Atom D2700","Mini ITX",2,"{'total': 4000000000}","Black / Blue",NULL
81,ASRock,AD525PV3,"Integrated Atom D525","Mini ITX",2,"{'total': 8000000000}","Black / Blue",NULL
82,ASRock,AM1B-M,AM1,"Micro ATX",2,"{'total': 32000000000}","Black / Silver",NULL
83,ASRock,AM1B-MDH,AM1,"Micro ATX",2,"{'total': 16000000000}","Black / Silver",NULL
84,ASRock,"B150 GAMING K4/HYPER",LGA1151,ATX,4,"{'total': 64000000000}","Black / Red",NULL
85,ASRock,"B150 Gaming K4",LGA1151,ATX,4,"{'total': 64000000000}","Black / Red",NULL
86,ASRock,"B150 PRO4/D3",LGA1151,ATX,4,"{'total': 64000000000}","Black / Orange",NULL
87,ASRock,"B150M Pro4",LGA1151,"Micro ATX",4,"{'total': 64000000000}","Black / Orange",NULL
88,ASRock,"B150M Pro4/D3",LGA1151,"Micro ATX",4,"{'total': 64000000000}","Black / Orange",NULL
89,ASRock,"B150M Pro4/Hyper",LGA1151,"Micro ATX",4,"{'total': 64000000000}","Black / White",NULL
90,ASRock,"B150M Pro4S",LGA1151,"Micro ATX",4,"{'total': 64000000000}","Black / Orange",NULL
91,ASRock,"B150M Pro4S/D3",LGA1151,"Micro ATX",4,"{'total': 64000000000}","Black / Orange",NULL
92,ASRock,"B150M Pro4V",LGA1151,"Micro ATX",4,"{'total': 64000000000}","Black / Orange",NULL
93,ASRock,"B150M-DVS R2.0",LGA1151,"Micro ATX",2,"{'total': 32000000000}","Black / Orange",NULL
94,ASRock,B150M-HDS,LGA1151,"Micro ATX",2,"{'total': 32000000000}","Black / Orange",NULL
95,ASRock,B150M-HDV,LGA1151,"Micro ATX",2,"{'total': 32000000000}","Black / Orange",NULL
96,ASRock,B150M-HDV/D3,LGA1151,ATX,2,"{'total': 16000000000}","Black / Orange",NULL
97,ASRock,B150M-ITX,LGA1151,"Mini ITX",2,"{'total': 32000000000}","Black / Orange",NULL
98,ASRock,"B250 Pro4",LGA1151,ATX,4,"{'total': 64000000000}","Black / White",NULL
99,ASRock,"B250M Pro4",LGA1151,"Micro ATX",4,"{'total': 64000000000}","Black / White",NULL
100,ASRock,B250M-HDV,LGA1151,"Micro ATX",2,"{'total': 32000000000}","Black / White",NULL
101,ASRock,"B360 Pro4",LGA1151,ATX,4,"{'total': 64000000000}","Black / Silver",NULL
102,ASRock,"B360M Performance",LGA1151,"Micro ATX",4,"{'total': 64000000000}","Black / Silver",NULL
103,ASRock,"B360M Pro4",LGA1151,"Micro ATX",4,"{'total': 64000000000}","Black / Silver",NULL
104,ASRock,B360M-HDV,LGA1151,"Micro ATX",2,"{'total': 32000000000}","Black / Silver",NULL
105,ASRock,B360M-ITX/ac,LGA1151,"Mini ITX",2,"{'total': 32000000000}","Black / Silver",NULL
106,ASRock,"B365 Phantom Gaming 4",LGA1151,ATX,4,"{'total': 128000000000}","Black / Red",NULL
107,ASRock,"B365 Pro4",LGA1151,ATX,4,"{'total': 64000000000}","Black / Silver",NULL
108,ASRock,"B365M Phantom Gaming 4",LGA1151,"Micro ATX",4,"{'total': 128000000000}","Black / Red",NULL
109,ASRock,"B365M Pro4",LGA1151,"Micro ATX",4,"{'total': 64000000000}","Black / Silver",NULL
110,ASRock,B365M-HDV,LGA1151,"Micro ATX",2,"{'total': 32000000000}","Black / Silver",NULL
111,ASRock,B365M-ITX/ac,LGA1151,"Mini ITX",2,"{'total': 32000000000}","Black / Silver",NULL
112,ASRock,"B450 Pro4",AM4,ATX,4,"{'total': 64000000000}","Black / Silver",NULL
113,ASRock,"B450 Steel Legend",AM4,ATX,4,"{'total': 64000000000}","Black / Silver",NULL
114,ASRock,"B450M PRO4",AM4,"Micro ATX",4,"{'total': 64000000000}","Black / Silver",NULL
115,ASRock,"B450M Pro4-F",AM4,"Micro ATX",4,"{'total': 64000000000}","Black / Silver",NULL
116,ASRock,"B450M Steel Legend",AM4,"Micro ATX",4,"{'total': 64000000000}","Black / White",NULL
117,ASRock,B450M-HDV,AM4,"Micro ATX",2,"{'total': 32000000000}","Black / Silver",NULL
118,ASRock,"B450M-HDV R4.0",AM4,"Micro ATX",2,"{'total': 32000000000}","Black / White",NULL
119,ASRock,B450M/AC,AM4,"Micro ATX",4,"{'total': 64000000000}",Black,NULL
120,ASRock,"B460 Phantom Gaming 4",LGA1200,ATX,4,"{'total': 128000000000}",Black,NULL
121,ASRock,"B460 Pro4",LGA1200,ATX,4,"{'total': 128000000000}","Black / Silver",NULL
122,ASRock,"B460 Steel Legend",LGA1200,ATX,4,"{'total': 128000000000}","Black / Silver",NULL
123,ASRock,"B460M Pro4",LGA1200,"Micro ATX",4,"{'total': 128000000000}","Black / Silver",NULL
124,ASRock,"B460M Steel Legend",LGA1200,"Micro ATX",4,"{'total': 128000000000}","Black / Silver",NULL
125,ASRock,B460M-HDV,LGA1200,"Micro ATX",2,"{'total': 64000000000}",Black,NULL
126,ASRock,B460M-ITX/ac,LGA1200,"Mini ITX",2,"{'total': 64000000000}","Black / Silver",NULL
127,ASRock,"B550 Extreme4",AM4,ATX,4,"{'total': 128000000000}","Blue / Black",NULL
128,ASRock,"B550 PG Velocita",AM4,ATX,4,"{'total': 128000000000}","Silver / Black",NULL
129,ASRock,"B550 Phantom Gaming 4",AM4,ATX,4,"{'total': 128000000000}","Silver / Black",NULL
130,ASRock,"B550 Phantom Gaming 4/ac",AM4,ATX,4,"{'total': 128000000000}","Silver / Black",NULL
131,ASRock,"B550 Phantom Gaming-ITX/ax",AM4,"Mini ITX",2,"{'total': 64000000000}","Silver / Black",NULL
132,ASRock,"B550 Pro4",AM4,ATX,4,"{'total': 128000000000}","Silver / Black",NULL
133,ASRock,"B550 Steel Legend",AM4,ATX,4,"{'total': 128000000000}","Silver / Black",NULL
134,ASRock,"B550 Taichi",AM4,ATX,4,"{'total': 128000000000}","Gold / Black",NULL
135,ASRock,"B550M Phantom Gaming 4",AM4,"Micro ATX",4,"{'total': 128000000000}",Black,NULL
136,ASRock,"B550M Pro4",AM4,"Micro ATX",4,"{'total': 128000000000}","Silver / Black",NULL
137,ASRock,"B550M Steel Legend",AM4,"Micro ATX",4,"{'total': 128000000000}","Silver / Black",NULL
138,ASRock,B550M-HDV,AM4,"Micro ATX",2,"{'total': 64000000000}",Black,NULL
139,ASRock,B550M-ITX/ac,AM4,"Mini ITX",2,"{'total': 64000000000}","Silver / Black",NULL
140,ASRock,B550M/ac,AM4,"Micro ATX",4,"{'total': 128000000000}","Black / White",NULL
141,ASRock,"B75 Pro3",LGA1155,ATX,4,"{'total': 32000000000}","Brown / Black",NULL
142,ASRock,"B75 Pro3-M",LGA1155,"Micro ATX",4,"{'total': 32000000000}","Brown / Black",NULL
143,ASRock,B75M,LGA1155,"Micro ATX",2,"{'total': 16000000000}","Brown / Black",NULL
144,ASRock,"B75M R2.0",LGA1155,"Micro ATX",2,"{'total': 16000000000}","Brown / Black",NULL
145,ASRock,B75M-DGS,LGA1155,"Micro ATX",2,"{'total': 16000000000}","Brown / Black",NULL
146,ASRock,"B75M-DGS R2.0",LGA1155,"Micro ATX",2,"{'total': 16000000000}","Brown / Black",NULL
147,ASRock,B75M-GL,LGA1155,"Micro ATX",2,"{'total': 16000000000}","Brown / Black",NULL
148,ASRock,"B75M-GL R2.0",LGA1155,"Micro ATX",2,"{'total': 16000000000}","Brown / Black",NULL
149,ASRock,B75M-ITX,LGA1155,"Mini ITX",2,"{'total': 16000000000}","Brown / Black",NULL
150,ASRock,"B85 Anniversary",LGA1150,ATX,4,"{'total': 32000000000}","Black / Blue",NULL
151,ASRock,"B85 Killer",LGA1150,ATX,4,"{'total': 32000000000}","Black / Red",NULL
152,ASRock,"B85 Pro4",LGA1150,ATX,4,"{'total': 32000000000}","Brown / Black",NULL
153,ASRock,B85M,LGA1150,"Micro ATX",2,"{'total': 16000000000}","Brown / Black",NULL
154,ASRock,"B85M Pro4",LGA1150,"Micro ATX",4,"{'total': 32000000000}","Brown / Black",NULL
155,ASRock,"B85M Pro4/ASM",LGA1150,"Micro ATX",4,"{'total': 32000000000}",NULL,NULL
156,ASRock,B85M-DGS,LGA1150,"Micro ATX",2,"{'total': 16000000000}",Black,NULL
157,ASRock,B85M-GL,LGA1150,"Micro ATX",2,"{'total': 16000000000}","Brown / Black",NULL
158,ASRock,B85M-HDS,LGA1150,"Micro ATX",2,"{'total': 16000000000}","Black / Silver",NULL
159,ASRock,B85M-ITX,LGA1150,"Mini ITX",2,"{'total': 16000000000}",NULL,NULL
160,ASRock,"C226M WS",LGA1150,"Micro ATX",4,"{'total': 32000000000}","Green / Blue",NULL
161,ASRock,C226WS,LGA1150,ATX,4,"{'total': 32000000000}","Brown / Black",NULL
162,ASRock,"C236 WSI",LGA1151,"Mini ITX",2,"{'total': 32000000000}","Green / Blue",NULL
163,ASRock,"C236M WS",LGA1151,"Micro ATX",4,"{'total': 64000000000}","Green / Blue",NULL
164,ASRock,"C246 WS",LGA1151,ATX,4,"{'total': 64000000000}","Green / Blue",NULL
165,ASRock,"C246M WS",LGA1151,"Micro ATX",4,"{'total': 64000000000}","Green / Blue",NULL
166,ASRock,C2550D4I,"Integrated Atom C2550","Mini ITX",4,"{'total': 64000000000}","White / Blue",NULL
167,ASRock,C2750D4I,"Integrated Atom C2750","Mini ITX",4,"{'total': 64000000000}","White / Blue",NULL
168,ASRock,C70M1,"Integrated C-Series C-70","Mini ITX",2,"{'total': 16000000000}","Black / Blue",NULL
169,ASRock,D1520D4I,"Integrated Xeon D-1520","Mini ITX",4,"{'total': 128000000000}","Black / Green",NULL
170,ASRock,E350M1,"Integrated E-Series E-350","Mini ITX",2,"{'total': 16000000000}","Black / Blue",NULL
171,ASRock,E350M1/USB3,"Integrated E-Series E-350","Mini ITX",2,"{'total': 16000000000}","Black / Blue",NULL
172,ASRock,E3C222D4U,LGA1150,"Micro ATX",4,"{'total': 32000000000}","Green / Blue",NULL
173,ASRock,E3C224,LGA1150,ATX,4,"{'total': 32000000000}","Green / Blue",NULL
174,ASRock,E3C224-4L,LGA1150,ATX,4,"{'total': 32000000000}","Green / Blue",NULL
175,ASRock,E3C224-V+,LGA1150,ATX,4,"{'total': 32000000000}","Green / Blue",NULL
176,ASRock,E3C224-V4L,LGA1150,ATX,4,"{'total': 32000000000}","Green / Blue",NULL
177,ASRock,E3C224D2I,LGA1150,"Mini ITX",2,"{'total': 16000000000}","Blue / White",NULL
178,ASRock,E3C224D4M-16RE,LGA1150,ATX,4,"{'total': 32000000000}","Green / Blue",NULL
179,ASRock,E3C226D2I,LGA1150,"Mini ITX",2,"{'total': 16000000000}",Green,NULL
180,ASRock,E3C232D4U-V1L,LGA1151,"Micro ATX",4,"{'total': 64000000000}","Green / Blue",NULL
181,ASRock,E3C236D2I,LGA1151,"Mini ITX",2,"{'total': 32000000000}","Green / Blue",NULL
182,ASRock,E3C236D4U,LGA1151,"Micro ATX",4,"{'total': 64000000000}",Green,NULL
183,ASRock,E3C246D4U,LGA1151,"Micro ATX",4,"{'total': 128000000000}",Green,NULL
184,ASRock,"E3V5 Performance Gaming/OC",LGA1151,ATX,4,"{'total': 64000000000}","Black / Red",NULL
185,ASRock,"E3V5 WS",LGA1151,ATX,4,"{'total': 64000000000}","Black / White",NULL
186,ASRock,EP2C602,"2 x LGA2011","SSI EEB",8,"{'total': 64000000000}","Green / Blue",NULL
187,ASRock,EP2C602-4L/D16,"2 x LGA2011","SSI EEB",16,"{'total': 512000000000}","Blue / White",NULL
188,ASRock,"EP2C612 WS","2 x LGA2011-3","SSI EEB",8,"{'total': 256000000000}","Black / Blue",NULL
189,ASRock,EP2C612D16C-4L,"2 x LGA2011-3 Narrow","SSI EEB",16,"{'total': 1024000000000}","Green / Blue",NULL
190,ASRock,EP2C612D16SM,"2 x LGA2011-3 Narrow","SSI EEB",16,"{'total': 1024000000000}","Green / Blue",NULL
191,ASRock,EP2C612D16SM-2T,"2 x LGA2011-3 Narrow","SSI EEB",16,"{'total': 1024000000000}","Green / Blue",NULL
192,ASRock,EPC612D4I,"LGA2011-3 Narrow","Mini ITX",4,"{'total': 64000000000}","Black / Green",NULL
193,ASRock,EPC612D4U-2T8R,"LGA2011-3 Narrow","Micro ATX",4,"{'total': 512000000000}","Green / Blue",NULL
194,ASRock,EPC612D4U-8R,"LGA2011-3 Narrow","Micro ATX",4,"{'total': 512000000000}","Green / Blue",NULL
195,ASRock,EPC612D8A,"LGA2011-3 Narrow",ATX,8,"{'total': 256000000000}","Green / Blue",NULL
196,ASRock,EPC612D8A-TB,"LGA2011-3 Narrow",ATX,8,"{'total': 256000000000}","Green / Blue",NULL
197,ASRock,"FATAL1TY 970 PERFORMANCE/3.1",AM3+/AM3,ATX,4,"{'total': 64000000000}","Black / Red",NULL
198,ASRock,FM2A55M-DGS,FM2,"Micro ATX",2,"{'total': 16000000000}","Brown / Black",NULL
199,ASRock,"FM2A55M-DGS R2.0",FM2,"Micro ATX",2,"{'total': 32000000000}",Black,NULL
200,ASRock,FM2A55M-HD+,FM2+,"Micro ATX",2,"{'total': 32000000000}","Black / Silver",NULL
201,ASRock,FM2A55M-VG3+,FM2+,"Micro ATX",2,"{'total': 32000000000}","Brown / Black",NULL
202,ASRock,"FM2A58M-HD+ R2.0",FM2+,"Micro ATX",2,"{'total': 32000000000}","Black / Silver",NULL
203,ASRock,FM2A68M-DG3+,FM2+,"Micro ATX",2,"{'total': 32000000000}","Brown / Black",NULL
204,ASRock,FM2A68M-HD+,FM2+,"Micro ATX",2,"{'total': 32000000000}","Brown / Black",NULL
205,ASRock,"FM2A75 Pro4",FM2,ATX,4,"{'total': 32000000000}",Black,NULL
206,ASRock,"FM2A75 Pro4-M",FM2,"Micro ATX",4,"{'total': 32000000000}","Brown / Black",NULL
207,ASRock,"FM2A75M Pro4+",FM2+,"Micro ATX",4,"{'total': 64000000000}","Brown / Black",NULL
208,ASRock,FM2A75M-DGS,FM2,"Micro ATX",2,"{'total': 16000000000}","Black / Silver",NULL
209,ASRock,"FM2A75M-DGS R2.0",FM2,"Micro ATX",2,"{'total': 32000000000}","Brown / Black",NULL
210,ASRock,FM2A75M-HD+,FM2+,"Micro ATX",2,"{'total': 32000000000}","Black / Silver",NULL
211,ASRock,FM2A75M-ITX,FM2,"Mini ITX",2,"{'total': 32000000000}",Black,NULL
212,ASRock,"FM2A75M-ITX R2.0",FM2,"Mini ITX",2,"{'total': 32000000000}","Brown / Black",NULL
213,ASRock,"FM2A78 PRO3+",FM2+,ATX,4,"{'total': 64000000000}","Black / Blue",NULL
214,ASRock,"FM2A78M PRO3+",FM2+,"Micro ATX",4,"{'total': 64000000000}","Black / Blue",NULL
215,ASRock,FM2A78M-HD+,FM2+,"Micro ATX",2,"{'total': 32000000000}","Brown / Black",NULL
216,ASRock,"FM2A78M-HD+ R2.0",FM2+,"Micro ATX",2,"{'total': 32000000000}","Black / Silver",NULL
217,ASRock,FM2A78M-ITX+,FM2+,"Mini ITX",2,"{'total': 32000000000}","Brown / Black",NULL
218,ASRock,"FM2A85X Extreme4",FM2,ATX,4,"{'total': 64000000000}","Brown / Black",NULL
219,ASRock,"FM2A85X Extreme4-M",FM2,"Micro ATX",4,"{'total': 64000000000}","Brown / Black",NULL
220,ASRock,"FM2A85X Extreme6",FM2,ATX,4,"{'total': 64000000000}","Black / Gold",NULL
221,ASRock,FM2A85X-ITX,FM2,"Mini ITX",2,"{'total': 32000000000}","Black / Gold",NULL
222,ASRock,"FM2A88M EXTREME4+",FM2+,"Micro ATX",4,"{'total': 64000000000}","Brown / Black",NULL
223,ASRock,"FM2A88M EXTREME4+ R2.0",FM2+,"Micro ATX",4,"{'total': 64000000000}","Black / Silver",NULL
224,ASRock,"FM2A88M PRO3+",FM2+,"Micro ATX",4,"{'total': 64000000000}","Black / Blue",NULL
225,ASRock,FM2A88M-HD+,FM2+,"Micro ATX",2,"{'total': 32000000000}",NULL,NULL
226,ASRock,FM2A88M-HD+_R2.0,FM2+,"Micro ATX",2,"{'total': 32000000000}","Black / Silver",NULL
227,ASRock,"FM2A88X Extreme4+",FM2+,ATX,4,"{'total': 64000000000}","Brown / Black",NULL
228,ASRock,"FM2A88X Extreme6+",FM2+,ATX,4,"{'total': 64000000000}","Brown / Black",NULL
229,ASRock,"FM2A88X PRO3+",FM2+,ATX,4,"{'total': 64000000000}","Black / Blue",NULL
230,ASRock,"FM2A88X+ BTC",FM2+,ATX,4,"{'total': 64000000000}","Black / Red",NULL
231,ASRock,"FM2A88X+ Killer",FM2+,ATX,4,"{'total': 64000000000}","Black / Red",NULL
232,ASRock,FM2A88X-ITX+,FM2+,"Mini ITX",2,"{'total': 32000000000}","Black / Gray",NULL
233,ASRock,"Fatal1ty 970 Performance",AM3+/AM3,ATX,4,"{'total': 64000000000}","Black / Red",NULL
234,ASRock,"Fatal1ty 990FX Professional",AM3+,ATX,4,"{'total': 64000000000}","Black / Red",NULL
235,ASRock,"Fatal1ty AB350 Gaming K4",AM4,ATX,4,"{'total': 64000000000}","Black / Red",NULL
236,ASRock,"Fatal1ty B150 Gaming K4/D3",LGA1151,ATX,4,"{'total': 64000000000}","Black / Red",NULL
237,ASRock,"Fatal1ty B250 Gaming K4",LGA1151,ATX,4,"{'total': 64000000000}","Black / Red",NULL
238,ASRock,"Fatal1ty B250M Performance",LGA1151,"Micro ATX",4,"{'total': 64000000000}","Black / Red",NULL
239,ASRock,"Fatal1ty B360 Gaming K4",LGA1151,ATX,4,"{'total': 64000000000}",Black,NULL
240,ASRock,"Fatal1ty B450 GAMING K4",AM4,ATX,4,"{'total': 64000000000}","Black / Silver",NULL
241,ASRock,"Fatal1ty B450 Gaming-ITX/ac",AM4,"Mini ITX",2,"{'total': 32000000000}","Black / Silver",NULL
242,ASRock,"Fatal1ty E3V5 Performance Gaming/OC",LGA1151,ATX,4,"{'total': 64000000000}","Black / Red",NULL
243,ASRock,"Fatal1ty H170 Performance",LGA1151,ATX,4,"{'total': 64000000000}","Black / Red",NULL
244,ASRock,"Fatal1ty H170 Performance/D3",LGA1151,ATX,4,"{'total': 64000000000}","Black / Red",NULL
245,ASRock,"Fatal1ty H270 Performance",LGA1151,ATX,4,"{'total': 64000000000}","Black / Red",NULL
246,ASRock,"Fatal1ty H270M Performance",LGA1151,"Micro ATX",4,"{'total': 64000000000}","Black / Red",NULL
247,ASRock,"Fatal1ty H370 Performance",LGA1151,ATX,4,"{'total': 64000000000}",Black,NULL
248,ASRock,"Fatal1ty H87 Performance",LGA1150,ATX,4,"{'total': 32000000000}","Black / Red",NULL
249,ASRock,"Fatal1ty H97 Killer",LGA1150,ATX,4,"{'total': 32000000000}","Black / Red",NULL
250,ASRock,"Fatal1ty H97 Performance",LGA1150,ATX,4,"{'total': 32000000000}","Black / Red",NULL
251,ASRock,"Fatal1ty P67 Performance",LGA1155,ATX,4,"{'total': 32000000000}","Black / Red",NULL
252,ASRock,"Fatal1ty P67 Professional",LGA1155,ATX,4,"{'total': 32000000000}",NULL,NULL
253,ASRock,"Fatal1ty P67 Professional (B3)",LGA1155,ATX,4,"{'total': 32000000000}",NULL,NULL
254,ASRock,"Fatal1ty X299 Gaming K6",LGA2066,ATX,8,"{'total': 128000000000}","Black / Silver",NULL
255,ASRock,"Fatal1ty X299 Professional Gaming i9",LGA2066,ATX,8,"{'total': 128000000000}","Black / Silver",NULL
256,ASRock,"Fatal1ty X299 Professional Gaming i9 XE",LGA2066,ATX,8,"{'total': 128000000000}","Black / Gray",NULL
257,ASRock,"Fatal1ty X370 Gaming K4",AM4,ATX,4,"{'total': 64000000000}","Black / Red",NULL
258,ASRock,"Fatal1ty X370 Professional Gaming",AM4,ATX,4,"{'total': 64000000000}","Black / Red",NULL
259,ASRock,"Fatal1ty X399 Professional Gaming",sTR4,ATX,8,"{'total': 128000000000}","Black / Silver",NULL
260,ASRock,"Fatal1ty X470 Gaming K4",AM4,ATX,4,"{'total': 64000000000}","Black / Silver",NULL
261,ASRock,"Fatal1ty X470 Gaming-ITX/ac",AM4,"Mini ITX",2,"{'total': 32000000000}","Black / Silver",NULL
262,ASRock,"Fatal1ty X79 Professional",LGA2011,ATX,4,"{'total': 32000000000}","Black / Red",NULL
263,ASRock,"Fatal1ty X99 Professional",LGA2011-3,EATX,8,"{'total': 128000000000}","Red / Black",NULL
264,ASRock,"Fatal1ty X99 Professional Gaming i7",LGA2011-3,ATX,8,"{'total': 128000000000}","Black / Red",NULL
265,ASRock,"Fatal1ty X99 Professional/3.1",LGA2011-3,EATX,8,"{'total': 128000000000}","Black / Red",NULL
266,ASRock,"Fatal1ty X99M Killer",LGA2011-3,"Micro ATX",4,"{'total': 64000000000}","Black / Red",NULL
267,ASRock,"Fatal1ty X99M Killer/3.1",LGA2011-3,"Micro ATX",4,"{'total': 64000000000}","Black / Red",NULL
268,ASRock,"Fatal1ty X99X Killer",LGA2011-3,ATX,8,"{'total': 128000000000}","Black / Red",NULL
269,ASRock,"Fatal1ty X99X Killer/3.1",LGA2011-3,ATX,8,"{'total': 128000000000}","Black / Red",NULL
270,ASRock,"Fatal1ty Z170 Gaming K4",LGA1151,ATX,4,"{'total': 64000000000}","Black / Red",NULL
271,ASRock,"Fatal1ty Z170 Gaming K6",LGA1151,ATX,4,"{'total': 64000000000}","Black / Red",NULL
272,ASRock,"Fatal1ty Z170 Gaming K6+",LGA1151,ATX,4,"{'total': 64000000000}","Black / Red",NULL
273,ASRock,"Fatal1ty Z170 Gaming-ITX/ac",LGA1151,"Mini ITX",2,"{'total': 32000000000}","Black / Red",NULL
274,ASRock,"Fatal1ty Z170 Professional Gaming i7",LGA1151,ATX,4,"{'total': 64000000000}","Black / Red",NULL
275,ASRock,"Fatal1ty Z270 Gaming K4",LGA1151,ATX,4,"{'total': 64000000000}","Black / Red",NULL
276,ASRock,"Fatal1ty Z270 Gaming K6",LGA1151,ATX,4,"{'total': 64000000000}","Black / Red",NULL
277,ASRock,"Fatal1ty Z270 Gaming-ITX/ac",LGA1151,"Mini ITX",2,"{'total': 32000000000}","Black / Red",NULL
278,ASRock,"Fatal1ty Z370 Gaming K6",LGA1151,ATX,4,"{'total': 64000000000}","Black / Silver",NULL
279,ASRock,"Fatal1ty Z370 Gaming-ITX/ac",LGA1151,"Mini ITX",2,"{'total': 32000000000}","Black / Silver",NULL
280,ASRock,"Fatal1ty Z370 Professional Gaming i7",LGA1151,ATX,4,"{'total': 64000000000}","Black / Silver",NULL
281,ASRock,"Fatal1ty Z87 Killer",LGA1150,ATX,4,"{'total': 32000000000}",NULL,NULL
282,ASRock,"Fatal1ty Z87 Professional",LGA1150,ATX,4,"{'total': 32000000000}","Black / Red",NULL
283,ASRock,"Fatal1ty Z97 Professional",LGA1150,ATX,4,"{'total': 32000000000}","Black / Red",NULL
284,ASRock,"Fatal1ty Z97M Killer",LGA1150,"Micro ATX",4,"{'total': 32000000000}","Black / Red",NULL
285,ASRock,"G31M-S R2.0",LGA775,"Micro ATX",2,"{'total': 8000000000}",NULL,NULL
286,ASRock,G41M-GS,LGA775,"Micro ATX",2,"{'total': 8000000000}","Blue / White",NULL
287,ASRock,G41M-LE,LGA775,"Micro ATX",2,"{'total': 8000000000}","Blue / White",NULL
288,ASRock,G41M-S,LGA775,"Micro ATX",2,"{'total': 8000000000}","Blue / White",NULL
289,ASRock,G41M-S3,LGA775,"Micro ATX",2,"{'total': 8000000000}","Blue / White",NULL
290,ASRock,G43Twins-FullHD,LGA775,"Micro ATX",4,"{'total': 8000000000}",NULL,NULL
291,ASRock,H110M-DGS,LGA1151,"Micro ATX",2,"{'total': 32000000000}","Black / Orange",NULL
292,ASRock,"H110M-DVS R3.0",LGA1151,"Micro ATX",2,"{'total': 32000000000}",Black,NULL
293,ASRock,H110M-DVS/D3,LGA1151,"Micro ATX",2,"{'total': 32000000000}","Black / Orange",NULL
294,ASRock,H110M-HDS,LGA1151,"Micro ATX",2,"{'total': 32000000000}","Black / Orange",NULL
295,ASRock,"H110M-HDS R3.0",LGA1151,"Micro ATX",2,"{'total': 32000000000}","Black / Orange",NULL
296,ASRock,H110M-HDV,LGA1151,"Micro ATX",2,"{'total': 32000000000}","Black / Orange",NULL
297,ASRock,"H110M-HDV R3.0",LGA1151,"Micro ATX",2,"{'total': 32000000000}","Black / Orange",NULL
298,ASRock,H110M-HDV/D3,LGA1151,"Micro ATX",2,"{'total': 32000000000}","Black / Orange",NULL
299,ASRock,H110M-ITX,LGA1151,"Mini ITX",2,"{'total': 32000000000}","Black / Orange",NULL
300,ASRock,H110M-ITX/ac,LGA1151,"Mini ITX",2,"{'total': 32000000000}","Black / Orange",NULL
301,ASRock,"H170 Performance/Hyper",LGA1151,ATX,4,"{'total': 64000000000}","Black / Red",NULL
302,ASRock,"H170 Pro4",LGA1151,ATX,4,"{'total': 64000000000}","Black / Orange",NULL
303,ASRock,"H170 Pro4/D3",LGA1151,ATX,4,"{'total': 64000000000}","Black / Orange",NULL
304,ASRock,"H170 Pro4S",LGA1151,ATX,4,"{'total': 64000000000}","Black / Orange",NULL
305,ASRock,H170A-X1,LGA1151,ATX,4,"{'total': 64000000000}","Black / Orange",NULL
306,ASRock,H170A-X1/3.1,LGA1151,ATX,4,"{'total': 64000000000}","Black / Orange",NULL
307,ASRock,"H170M Pro4",LGA1151,"Micro ATX",4,"{'total': 64000000000}","Black / Orange",NULL
308,ASRock,"H170M Pro4S",LGA1151,"Micro ATX",4,"{'total': 64000000000}","Black / Orange",NULL
309,ASRock,H170M-ITX/DL,LGA1151,"Mini ITX",2,"{'total': 32000000000}","Black / Red",NULL
310,ASRock,H170M-ITX/ac,LGA1151,"Mini ITX",2,"{'total': 32000000000}","Black / Red",NULL
311,ASRock,"H270 Pro4",LGA1151,ATX,4,"{'total': 64000000000}","Black / White",NULL
312,ASRock,"H270M Pro4",LGA1151,"Micro ATX",4,"{'total': 64000000000}","Black / White",NULL
313,ASRock,H270M-ITX/ac,LGA1151,"Mini ITX",2,"{'total': 32000000000}","Black / Silver",NULL
314,ASRock,H310CM-DVS,LGA1151,"Micro ATX",2,"{'total': 32000000000}",Black,NULL
315,ASRock,H310CM-HDV,LGA1151,"Micro ATX",2,"{'total': 32000000000}",Black,NULL
316,ASRock,H310CM-HDV/M.2,LGA1151,"Micro ATX",2,"{'total': 32000000000}",Black,NULL
317,ASRock,H310CM-ITX/ac,LGA1151,"Mini ITX",2,"{'total': 32000000000}","Black / Silver",NULL
318,ASRock,H310M-DGS,LGA1151,"Micro ATX",2,"{'total': 32000000000}","Black / Silver",NULL
319,ASRock,H310M-G/M.2,LGA1151,"Micro ATX",2,"{'total': 32000000000}","Black / Silver",NULL
320,ASRock,H310M-HDV,LGA1151,"Micro ATX",2,"{'total': 32000000000}","Black / Silver",NULL
321,ASRock,H310M-HDV/M.2,LGA1151,"Micro ATX",2,"{'total': 32000000000}","Black / Silver",NULL
322,ASRock,H310M-HDVP,LGA1151,"Micro ATX",2,"{'total': 32000000000}","Black / Silver",NULL
323,ASRock,H310M-ITX/ac,LGA1151,"Mini ITX",2,"{'total': 32000000000}","Black / Silver",NULL
324,ASRock,"H370 Pro4",LGA1151,ATX,4,"{'total': 64000000000}","Black / Silver",NULL
325,ASRock,"H370M Pro4",LGA1151,"Micro ATX",4,"{'total': 64000000000}","Black / Silver",NULL
326,ASRock,H370M-ITX/ac,LGA1151,"Mini ITX",2,"{'total': 32000000000}","Black / Silver",NULL
327,ASRock,H410M-HDV,LGA1200,"Micro ATX",2,"{'total': 64000000000}","Black / Silver",NULL
328,ASRock,H410M-HDV/M.2,LGA1200,"Micro ATX",2,"{'total': 64000000000}",Black,NULL
329,ASRock,H410M-HDVP,LGA1200,"Micro ATX",2,"{'total': 64000000000}","Black / Silver",NULL
330,ASRock,H410M-HDVP2,LGA1200,"Micro ATX",2,"{'total': 64000000000}","Black / Silver",NULL
331,ASRock,H410M-HVS,LGA1200,"Micro ATX",2,"{'total': 64000000000}","Black / Silver",NULL
332,ASRock,H410M-ITX/ac,LGA1200,"Mini ITX",2,"{'total': 64000000000}",Black,NULL
333,ASRock,H410M/ac,LGA1200,"Micro ATX",2,"{'total': 64000000000}",Black,NULL
334,ASRock,"H470 Phantom Gaming 4",LGA1200,ATX,4,"{'total': 128000000000}","Black / Gray",NULL
335,ASRock,"H470 Steel Legend",LGA1200,ATX,4,"{'total': 128000000000}","Black / Silver",NULL
336,ASRock,"H470M Pro4",LGA1200,"Micro ATX",4,"{'total': 128000000000}","Black / Silver",NULL
337,ASRock,H470M-ITX/ac,LGA1200,"Mini ITX",2,"{'total': 64000000000}","Black / Silver",NULL
338,ASRock,H55DE3,LGA1156,ATX,4,"{'total': 16000000000}","Black / Blue",NULL
339,ASRock,"H55M PRO",LGA1156,"Micro ATX",4,"{'total': 16000000000}","Black / Blue",NULL
340,ASRock,H55M-GE,LGA1156,"Micro ATX",4,"{'total': 16000000000}","Black / Blue",NULL
341,ASRock,H55M-LE,LGA1156,"Micro ATX",2,"{'total': 8000000000}","Black / Blue",NULL
342,ASRock,"H55M/USB3 R2.0",LGA1156,"Micro ATX",2,"{'total': 8000000000}",NULL,NULL
343,ASRock,H61DE/S3,LGA1155,ATX,4,"{'total': 16000000000}","Black / Blue",NULL
344,ASRock,H61ICAFE,LGA1155,ATX,4,"{'total': 16000000000}","Black / Blue",NULL
345,ASRock,H61M,LGA1155,"Micro ATX",2,"{'total': 16000000000}","Black / Blue",NULL
346,ASRock,H61M-DGS,LGA1155,"Micro ATX",2,"{'total': 16000000000}","Black / Blue",NULL
347,ASRock,H61M-GE,LGA1155,"Micro ATX",4,"{'total': 16000000000}","Black / Blue",NULL
348,ASRock,H61M-GS,LGA1155,"Micro ATX",2,"{'total': 16000000000}","Black / Blue",NULL
349,ASRock,"H61M-PS4 Micro ATX Intel Motherboard",LGA1155,"Micro ATX",2,"{'total': 16000000000}","Green / Blue",NULL
350,ASRock,H61M-S,LGA1155,"Micro ATX",2,"{'total': 16000000000}","Black / Blue",NULL
351,ASRock,H61M-VG3,LGA1155,"Mini ITX",2,"{'total': 16000000000}","Black / Blue",NULL
352,ASRock,H61M-VS,LGA1155,"Micro ATX",2,"{'total': 16000000000}","Black / Blue",NULL
353,ASRock,H61M/U3S3,LGA1155,"Micro ATX",2,"{'total': 16000000000}","Black / Blue",NULL
354,ASRock,H61MV-ITX,LGA1155,"Mini ITX",2,"{'total': 16000000000}","Black / Blue",NULL
355,ASRock,H67DE3,LGA1155,ATX,4,"{'total': 32000000000}",NULL,NULL
356,ASRock,H67M,LGA1155,"Micro ATX",2,"{'total': 16000000000}",NULL,NULL
357,ASRock,"H67M (B3)",LGA1155,"Micro ATX",2,"{'total': 16000000000}","Black / Blue",NULL
358,ASRock,H67M-GE,LGA1155,"Micro ATX",4,"{'total': 32000000000}",NULL,NULL
359,ASRock,"H67M-GE (B3)",LGA1155,"Micro ATX",4,"{'total': 32000000000}",NULL,NULL
360,ASRock,H67M-GE/HT,LGA1155,"Micro ATX",4,"{'total': 32000000000}","Black / White",NULL
361,ASRock,"H67M-GE/HT (B3)",LGA1155,"Micro ATX",4,"{'total': 32000000000}","Black / Blue",NULL
362,ASRock,H67M-ITX,LGA1155,"Mini ITX",2,"{'total': 16000000000}","Black / Blue",NULL
363,ASRock,H67M-ITX/HT,LGA1155,"Mini ITX",2,"{'total': 16000000000}","Black / Blue",NULL
364,ASRock,"H77 Pro4-M",LGA1155,"Micro ATX",4,"{'total': 32000000000}","Brown / Black",NULL
365,ASRock,"H77 Pro4/MVP",LGA1155,ATX,4,"{'total': 32000000000}","Brown / Black",NULL
366,ASRock,H77M,LGA1155,"Micro ATX",2,"{'total': 16000000000}","Brown / Black",NULL
367,ASRock,H77M-ITX,LGA1155,"Mini ITX",2,"{'total': 16000000000}","Brown / Black",NULL
368,ASRock,"H81 Pro BTC",LGA1150,ATX,2,"{'total': 16000000000}","Black / Silver",NULL
369,ASRock,H81M,LGA1150,"Micro ATX",2,"{'total': 16000000000}",Black,NULL
370,ASRock,H81M-DG4,LGA1150,"Micro ATX",2,"{'total': 16000000000}","Brown / Black",NULL
371,ASRock,H81M-DGS,LGA1150,"Micro ATX",2,"{'total': 16000000000}",Black,NULL
372,ASRock,"H81M-DGS R2.0",LGA1150,"Micro ATX",2,"{'total': 16000000000}","Brown / Black",NULL
373,ASRock,H81M-HDS,LGA1150,"Micro ATX",2,"{'total': 16000000000}","Brown / Black",NULL
374,ASRock,"H81M-HDS R2.0",LGA1150,"Micro ATX",2,"{'total': 16000000000}","Black / Silver",NULL
375,ASRock,H81M-ITX,LGA1150,"Mini ITX",2,"{'total': 16000000000}","Brown / Black",NULL
376,ASRock,H81M-ITX/WIFI,LGA1150,"Mini ITX",2,"{'total': 16000000000}","Brown / Black",NULL
377,ASRock,"H81M-VG4 R3.0",LGA1150,"Micro ATX",2,"{'total': 16000000000}",Black,NULL
378,ASRock,"H81TM-ITX R2.0",LGA1150,"Thin Mini ITX",2,"{'total': 16000000000}",Black,NULL
379,ASRock,"H87 Performance",LGA1150,ATX,4,"{'total': 32000000000}","Black / Red",NULL
380,ASRock,"H87 Pro4",LGA1150,ATX,4,"{'total': 32000000000}","Brown / Black",NULL
381,ASRock,H87M,LGA1150,"Micro ATX",2,"{'total': 16000000000}","Brown / Black",NULL
382,ASRock,"H87M Pro4",LGA1150,"Micro ATX",4,"{'total': 32000000000}","Brown / Black",NULL
383,ASRock,"H87M Pro4/ASM",LGA1150,"Micro ATX",4,"{'total': 32000000000}",NULL,NULL
384,ASRock,H87M-ITX,LGA1150,"Mini ITX",2,"{'total': 16000000000}","Brown / Black",NULL
385,ASRock,H87WS-DL,LGA1150,ATX,4,"{'total': 32000000000}","Green / Blue",NULL
386,ASRock,H87WSA-DL,LGA1150,ATX,4,"{'total': 32000000000}","Green / Blue",NULL
387,ASRock,"H97 Anniversary",LGA1150,ATX,4,"{'total': 32000000000}","Black / Blue",NULL
388,ASRock,"H97 PERFORMANCE",LGA1150,ATX,4,"{'total': 32000000000}","Black / Red",NULL
389,ASRock,"H97 PRO4",LGA1150,ATX,4,"{'total': 32000000000}","Black / Blue",NULL
390,ASRock,H97M,LGA1150,"Micro ATX",2,"{'total': 16000000000}","Black / Blue",NULL
391,ASRock,"H97M Anniversary",LGA1150,"Micro ATX",4,"{'total': 32000000000}","Black / Blue",NULL
392,ASRock,"H97M PRO4",LGA1150,"Micro ATX",4,"{'total': 32000000000}","Black / Blue",NULL
393,ASRock,"H97M WS",LGA1150,"Micro ATX",4,"{'total': 32000000000}","Green / Blue",NULL
394,ASRock,H97M-ITX/AC,LGA1150,"Mini ITX",2,"{'total': 16000000000}","Black / Blue",NULL
395,ASRock,J3710-ITX,"Integrated Pentium J3710","Mini ITX",2,"{'total': 16000000000}","Black / White",NULL
396,ASRock,K10N78D,AM2+/AM2,ATX,4,"{'total': 16000000000}",NULL,NULL
397,ASRock,K10N78M-PRO,AM3/AM2+/AM2,"Micro ATX",2,"{'total': 8000000000}",Multicolor,NULL
398,ASRock,M3A770DE,AM3,ATX,4,"{'total': 16000000000}",Multicolor,NULL
399,ASRock,M3A785GMH/128M,AM3,"Micro ATX",4,"{'total': 16000000000}",Multicolor,NULL
400,ASRock,N3700-ITX,"Integrated Pentium N3700","Mini ITX",2,"{'total': 16000000000}",Black,NULL
401,ASRock,"N68-GS4 FX R2.0",AM3+,"Micro ATX",2,"{'total': 16000000000}",Black,NULL
402,ASRock,"N68-S UCC",AM3/AM2+/AM2,"Micro ATX",2,"{'total': 8000000000}","Black / Blue",NULL
403,ASRock,"N68C-GS FX",AM3+,"Micro ATX",4,"{'total': 8000000000}","Black / Blue",NULL
404,ASRock,"N68C-S UCC",AM3/AM2+/AM2,"Micro ATX",4,"{'total': 8000000000}",Multicolor,NULL
405,ASRock,P43DE,LGA775,ATX,4,"{'total': 16000000000}",Multicolor,NULL
406,ASRock,P43DE3,LGA775,ATX,4,"{'total': 16000000000}","Black / Blue",NULL
407,ASRock,"P45X3 Deluxe",LGA775,ATX,4,"{'total': 16000000000}","Black / Blue",NULL
408,ASRock,"P55 Deluxe3",LGA1156,ATX,4,"{'total': 16000000000}","Black / Blue",NULL
409,ASRock,"P55 Extreme4",LGA1156,ATX,4,"{'total': 16000000000}","Black / Blue",NULL
410,ASRock,"P55 Pro/USB3",LGA1156,ATX,4,"{'total': 16000000000}","Black / Blue",NULL
411,ASRock,"P67 Extreme 4 (B3)",LGA1155,ATX,4,"{'total': 32000000000}",NULL,NULL
412,ASRock,"P67 Extreme4",LGA1155,ATX,4,"{'total': 32000000000}",NULL,NULL
413,ASRock,"P67 Extreme4 Gen3",LGA1155,ATX,4,"{'total': 32000000000}","Black / Silver",NULL
414,ASRock,"P67 Extreme6",LGA1155,ATX,4,"{'total': 32000000000}",NULL,NULL
415,ASRock,"P67 Extreme6 (B3)",LGA1155,ATX,4,"{'total': 32000000000}",NULL,NULL
416,ASRock,"P67 Pro",LGA1155,ATX,4,"{'total': 32000000000}",NULL,NULL
417,ASRock,"P67 Pro3",LGA1155,ATX,4,"{'total': 32000000000}",NULL,NULL
418,ASRock,"P67 Pro3 (B3)",LGA1155,ATX,4,"{'total': 32000000000}",NULL,NULL
419,ASRock,"P67 Pro3 SE",LGA1155,ATX,4,"{'total': 32000000000}","Black / Blue",NULL
420,ASRock,"P67 Professional",LGA1155,ATX,4,"{'total': 32000000000}",NULL,NULL
421,ASRock,"P67 Transformer",LGA1155,ATX,4,"{'total': 16000000000}",NULL,NULL
422,ASRock,"P67 Transformer (B3)",LGA1156,ATX,4,"{'total': 16000000000}",NULL,NULL
423,ASRock,"Q170M vPro",LGA1151,"Micro ATX",4,"{'total': 64000000000}","Black / Orange",NULL
424,ASRock,Q1900M,"Integrated Celeron J1900","Micro ATX",2,"{'total': 16000000000}",Brown,NULL
425,ASRock,"Q370M VPRO",LGA1151,"Micro ATX",4,"{'total': 64000000000}",Black,NULL
426,ASRock,"Q77M vPro",LGA1155,"Micro ATX",4,"{'total': 32000000000}","Brown / Black",NULL
427,ASRock,"Q87M vPro",LGA1150,"Micro ATX",4,"{'total': 32000000000}","Brown / Black",NULL
428,ASRock,"Q87M vPro/ASM",LGA1150,"Micro ATX",4,"{'total': 32000000000}",NULL,NULL
429,ASRock,QC5000-ITX/PH,"Integrated A4-5000","Mini ITX",2,"{'total': 32000000000}",Black,NULL
430,ASRock,"TRX40 Creator",sTRX4,ATX,8,"{'total': 256000000000}","Black / Silver",NULL
431,ASRock,"TRX40 TAICHI",sTRX4,ATX,8,"{'total': 256000000000}","Black / Silver",NULL
432,ASRock,"X299 Extreme4",LGA2066,ATX,8,"{'total': 128000000000}",NULL,NULL
433,ASRock,"X299 Killer SLI/ac",LGA2066,ATX,8,"{'total': 128000000000}","Black / Silver",NULL
434,ASRock,"X299 OC Formula",LGA2066,ATX,4,"{'total': 64000000000}",Black,NULL
435,ASRock,"X299 Steel Legend",LGA2066,ATX,8,"{'total': 256000000000}","Silver / Black",NULL
436,ASRock,"X299 Taichi",LGA2066,ATX,8,"{'total': 128000000000}","Black / Silver",NULL
437,ASRock,"X299 Taichi CLX",LGA2066,ATX,8,"{'total': 256000000000}","Black / Silver",NULL
438,ASRock,"X299 Taichi XE",LGA2066,ATX,8,"{'total': 128000000000}","Black / Silver",NULL
439,ASRock,"X299 WSI/IPMI",LGA2066,"Mini ITX",4,"{'total': 64000000000}","Black / Silver",NULL
440,ASRock,X299E-ITX/ac,LGA2066,"Mini ITX",4,"{'total': 64000000000}",Black,NULL
441,ASRock,"X299M EXTREME4",LGA2066,"Micro ATX",4,"{'total': 64000000000}","Black / Silver",NULL
442,ASRock,"X370 GAMING X",AM4,ATX,4,"{'total': 64000000000}","Black / Red",NULL
443,ASRock,"X370 Gaming-ITX/ac",AM4,"Mini ITX",2,"{'total': 32000000000}","Black / Red",NULL
444,ASRock,"X370 KILLER SLI/ac",AM4,ATX,4,"{'total': 64000000000}","Black / White",NULL
445,ASRock,"X370 Killer SLI",AM4,ATX,4,"{'total': 64000000000}","Black / White",NULL
446,ASRock,"X370 Pro4",AM4,ATX,4,"{'total': 64000000000}","Black / White",NULL
447,ASRock,"X370 Taichi",AM4,ATX,4,"{'total': 64000000000}","Black / White",NULL
448,ASRock,"X370M Pro4",AM4,"Micro ATX",4,"{'total': 64000000000}","Black / White",NULL
449,ASRock,X370M-HDV,AM4,"Micro ATX",2,"{'total': 32000000000}","Black / Silver",NULL
450,ASRock,"X399 Phantom Gaming 6",sTR4,ATX,8,"{'total': 128000000000}","Black / Silver",NULL
451,ASRock,"X399 Taichi",sTR4,ATX,8,"{'total': 128000000000}","Black / Silver",NULL
452,ASRock,X399D8A-2T,sTR4,ATX,8,"{'total': 256000000000}","Green / Blue",NULL
453,ASRock,"X399M Taichi",sTR4,"Micro ATX",4,"{'total': 64000000000}",Black,NULL
454,ASRock,"X470 Master SLI",AM4,ATX,4,"{'total': 64000000000}",Black,NULL
455,ASRock,"X470 Master SLI/AC",AM4,ATX,4,"{'total': 64000000000}","Black / Silver",NULL
456,ASRock,"X470 Taichi",AM4,ATX,4,"{'total': 64000000000}","Black / Silver",NULL
457,ASRock,"X470 Taichi Ultimate",AM4,ATX,4,"{'total': 64000000000}","Silver / Black",NULL
458,ASRock,X470D4U,AM4,"Micro ATX",4,"{'total': 64000000000}",Green,NULL
459,ASRock,X470D4U2-2T,AM4,"Micro ATX",4,"{'total': 64000000000}",Green,NULL
460,ASRock,"X570 CREATOR",AM4,ATX,4,"{'total': 128000000000}","Black / Silver",NULL
461,ASRock,"X570 Extreme4",AM4,ATX,4,"{'total': 128000000000}","Black / Silver",NULL
462,ASRock,"X570 Extreme4 WiFi ax",AM4,ATX,4,"{'total': 128000000000}","Black / Silver",NULL
463,ASRock,"X570 PG Velocita",AM4,ATX,4,"{'total': 128000000000}","Black / Silver",NULL
464,ASRock,"X570 PHANTOM GAMING 4 WIFI ax",AM4,ATX,4,"{'total': 128000000000}",Black,NULL
465,ASRock,"X570 PHANTOM GAMING-ITX/TB3",AM4,"Mini ITX",2,"{'total': 64000000000}","Black / Silver",NULL
466,ASRock,"X570 Phantom Gaming 4",AM4,ATX,4,"{'total': 128000000000}","Black / Silver",NULL
467,ASRock,"X570 Phantom Gaming 4S",AM4,ATX,4,"{'total': 128000000000}",Black,NULL
468,ASRock,"X570 Phantom Gaming X",AM4,ATX,4,"{'total': 128000000000}","Black / Silver",NULL
469,ASRock,"X570 Pro4",AM4,ATX,4,"{'total': 128000000000}","Black / Silver",NULL
470,ASRock,"X570 Steel Legend",AM4,ATX,4,"{'total': 128000000000}","Black / Silver",NULL
471,ASRock,"X570 Steel Legend WiFi ax",AM4,ATX,4,"{'total': 128000000000}","Black / Silver",NULL
472,ASRock,"X570 Taichi",AM4,ATX,4,"{'total': 128000000000}","Black / Silver",NULL
473,ASRock,"X570M Pro4",AM4,"Micro ATX",4,"{'total': 128000000000}","Black / Silver",NULL
474,ASRock,"X58 Extreme",LGA1366,ATX,6,"{'total': 24000000000}","Black / Blue",NULL
475,ASRock,"X58 Extreme 3",LGA1366,ATX,6,"{'total': 24000000000}",NULL,NULL
476,ASRock,"X58 Extreme6",LGA1366,ATX,6,"{'total': 24000000000}","Black / Blue",NULL
477,ASRock,"X79 Champion",LGA2011,EATX,8,"{'total': 64000000000}","Black / Red",NULL
478,ASRock,"X79 EXTREME4-M",LGA2011,"Micro ATX",4,"{'total': 32000000000}","Brown / Black",NULL
479,ASRock,"X79 Extreme11",LGA2011,EATX,8,"{'total': 64000000000}","Black / Silver",NULL
480,ASRock,"X79 Extreme3",LGA2011,ATX,4,"{'total': 32000000000}","Black / Silver",NULL
481,ASRock,"X79 Extreme4",LGA2011,ATX,4,"{'total': 32000000000}","Brown / Black",NULL
482,ASRock,"X79 Extreme6",LGA2011,ATX,8,"{'total': 64000000000}","Black / Silver",NULL
483,ASRock,"X79 Extreme6/GB",LGA2011,ATX,8,"{'total': 64000000000}","Black / Silver",NULL
484,ASRock,"X79 Extreme7",LGA2011,ATX,6,"{'total': 48000000000}","Black / Silver",NULL
485,ASRock,"X79 Extreme9",LGA2011,ATX,8,"{'total': 64000000000}","Black / Silver",NULL
486,ASRock,"X99 Extreme11",LGA2011-3,EATX,8,"{'total': 128000000000}","Black / Blue",NULL
487,ASRock,"X99 Extreme3",LGA2011-3,ATX,4,"{'total': 64000000000}","Black / Blue",NULL
488,ASRock,"X99 Extreme4",LGA2011-3,ATX,8,"{'total': 128000000000}","Black / Blue",NULL
489,ASRock,"X99 Extreme4/3.1",LGA2011-3,ATX,8,"{'total': 128000000000}","Black / Blue",NULL
490,ASRock,"X99 Extreme6",LGA2011-3,ATX,8,"{'total': 128000000000}","Black / Blue",NULL
491,ASRock,"X99 Extreme6/3.1",LGA2011-3,ATX,8,"{'total': 128000000000}","Black / Blue",NULL
492,ASRock,"X99 Extreme6/ac",LGA2011-3,ATX,8,"{'total': 128000000000}","Black / Blue",NULL
493,ASRock,"X99 OC Formula",LGA2011-3,EATX,8,"{'total': 128000000000}","Black / Yellow",NULL
494,ASRock,"X99 OC Formula/3.1",LGA2011-3,EATX,8,"{'total': 128000000000}","Black / Gold",NULL
495,ASRock,"X99 Professional",LGA2011-3,EATX,8,"{'total': 128000000000}","Black / Red",NULL
496,ASRock,"X99 Taichi",LGA2011-3,ATX,8,"{'total': 128000000000}","Black / White",NULL
497,ASRock,"X99 WS-E",LGA2011-3,EATX,8,"{'total': 128000000000}","Black / Blue",NULL
498,ASRock,X99E-ITX/ac,"LGA2011-3 Narrow","Mini ITX",2,"{'total': 32000000000}","Black / Blue",NULL
499,ASRock,"X99M Extreme4",LGA2011-3,"Micro ATX",4,"{'total': 64000000000}","Black / Blue",NULL
500,ASRock,"Z170 Extreme3",LGA1151,ATX,4,"{'total': 64000000000}","Black / Orange",NULL
501,ASRock,"Z170 Extreme4",LGA1151,ATX,4,"{'total': 64000000000}","Black / Gold",NULL
502,ASRock,"Z170 Extreme4+",LGA1151,ATX,4,"{'total': 64000000000}","Black / Gold",NULL
503,ASRock,"Z170 Extreme6",LGA1151,ATX,4,"{'total': 64000000000}","Black / Gold",NULL
504,ASRock,"Z170 Extreme6+",LGA1151,ATX,4,"{'total': 64000000000}","Black / Gold",NULL
505,ASRock,"Z170 Extreme7+",LGA1151,ATX,4,"{'total': 64000000000}","Black / Gold",NULL
506,ASRock,"Z170 Gaming K4/D3",LGA1151,ATX,4,"{'total': 64000000000}","Black / Red",NULL
507,ASRock,"Z170 OC Formula",LGA1151,ATX,4,"{'total': 64000000000}","Black / Gold",NULL
508,ASRock,"Z170 Pro4",LGA1151,ATX,4,"{'total': 64000000000}","Black / Orange",NULL
509,ASRock,"Z170 Pro4/D3",LGA1151,ATX,4,"{'total': 64000000000}","Black / Orange",NULL
510,ASRock,"Z170 Pro4S",LGA1151,ATX,4,"{'total': 64000000000}","Black / Orange",NULL
511,ASRock,Z170A-X1,LGA1151,ATX,4,"{'total': 64000000000}","Black / Orange",NULL
512,ASRock,Z170A-X1/3.1,LGA1151,ATX,4,"{'total': 64000000000}","Black / Orange",NULL
513,ASRock,"Z170M Extreme4",LGA1151,"Micro ATX",4,"{'total': 64000000000}","Black / Orange",NULL
514,ASRock,"Z170M OC Formula",LGA1151,"Micro ATX",2,"{'total': 32000000000}","Black / Yellow",NULL
515,ASRock,"Z170M Pro4",LGA1151,"Micro ATX",4,"{'total': 64000000000}","Black / Orange",NULL
516,ASRock,"Z170M Pro4S",LGA1151,"Micro ATX",4,"{'total': 64000000000}","Black / Orange",NULL
517,ASRock,Z170M-ITX/ac,LGA1151,"Mini ITX",2,"{'total': 32000000000}","Black / Orange",NULL
518,ASRock,"Z270 Extreme4",LGA1151,ATX,4,"{'total': 64000000000}","Black / White",NULL
519,ASRock,"Z270 Killer SLI",LGA1151,ATX,4,"{'total': 64000000000}","Black / White",NULL
520,ASRock,"Z270 Killer SLI/ac",LGA1151,ATX,4,"{'total': 64000000000}","Black / White",NULL
521,ASRock,"Z270 Pro4",LGA1151,ATX,4,"{'total': 64000000000}","Black / White",NULL
522,ASRock,"Z270 Professional Gaming i7",LGA1151,ATX,4,"{'total': 64000000000}","Black / Red",NULL
523,ASRock,"Z270 SuperCarrier",LGA1151,ATX,4,"{'total': 64000000000}","Black / Silver",NULL
524,ASRock,"Z270 Taichi",LGA1151,ATX,4,"{'total': 64000000000}","Black / White",NULL
525,ASRock,"Z270M Extreme4",LGA1151,"Micro ATX",4,"{'total': 64000000000}","Black / White",NULL
526,ASRock,"Z270M Pro4",LGA1151,"Micro ATX",4,"{'total': 64000000000}","Black / White",NULL
527,ASRock,Z270M-ITX/ac,LGA1151,"Mini ITX",2,"{'total': 32000000000}","Black / Silver",NULL
528,ASRock,"Z370 Extreme4",LGA1151,ATX,4,"{'total': 64000000000}","Black / Silver",NULL
529,ASRock,"Z370 Killer SLI",LGA1151,ATX,4,"{'total': 64000000000}","Black / Silver",NULL
530,ASRock,"Z370 Killer SLI/ac",LGA1151,ATX,4,"{'total': 64000000000}","Black / Silver",NULL
531,ASRock,"Z370 Pro4",LGA1151,ATX,4,"{'total': 64000000000}","Black / Silver",NULL
532,ASRock,"Z370 Taichi",LGA1151,ATX,4,"{'total': 64000000000}","Black / Silver",NULL
533,ASRock,"Z370M Pro4",LGA1151,"Micro ATX",4,"{'total': 64000000000}","Black / Silver",NULL
534,ASRock,Z370M-ITX/ac,LGA1151,"Mini ITX",2,"{'total': 32000000000}","Black / Silver",NULL
535,ASRock,"Z390 Extreme4",LGA1151,ATX,4,"{'total': 128000000000}",Black,NULL
536,ASRock,"Z390 PHANTOM GAMING 7",LGA1151,ATX,4,"{'total': 128000000000}","Black / Silver",NULL
537,ASRock,"Z390 PHANTOM GAMING X",LGA1151,ATX,4,"{'total': 128000000000}","Black / Silver",NULL
538,ASRock,"Z390 Phantom Gaming 4",LGA1151,ATX,4,"{'total': 128000000000}","Black / Silver",NULL
539,ASRock,"Z390 Phantom Gaming 6",LGA1151,ATX,4,"{'total': 128000000000}","Black / Silver",NULL
540,ASRock,"Z390 Phantom Gaming 9",LGA1151,ATX,4,"{'total': 128000000000}","Black / Silver",NULL
541,ASRock,"Z390 Phantom Gaming SLI/ac",LGA1151,ATX,4,"{'total': 128000000000}","Black / Silver",NULL
542,ASRock,"Z390 Phantom Gaming-ITX/ac",LGA1151,"Mini ITX",2,"{'total': 64000000000}","Black / Silver",NULL
543,ASRock,"Z390 Pro4",LGA1151,ATX,4,"{'total': 128000000000}","Black / Silver",NULL
544,ASRock,"Z390 STEEL LEGEND",LGA1151,ATX,4,"{'total': 128000000000}","Silver / Black",NULL
545,ASRock,"Z390 Taichi",LGA1151,ATX,4,"{'total': 128000000000}","Black / Silver",NULL
546,ASRock,"Z390 Taichi Ultimate",LGA1151,ATX,4,"{'total': 128000000000}","Black / Silver",NULL
547,ASRock,"Z390M Pro4",LGA1151,"Micro ATX",4,"{'total': 128000000000}","Black / Silver",NULL
548,ASRock,Z390M-ITX/ac,LGA1151,"Mini ITX",2,"{'total': 64000000000}","Black / Silver",NULL
549,ASRock,"Z490 Extreme4",LGA1200,ATX,4,"{'total': 128000000000}","Black / Silver",NULL
550,ASRock,"Z490 PG Velocita",LGA1200,ATX,4,"{'total': 128000000000}","Black / Silver",NULL
551,ASRock,"Z490 Phantom Gaming 4",LGA1200,ATX,4,"{'total': 128000000000}","Black / Gray",NULL
552,ASRock,"Z490 Phantom Gaming 4/2.5G",LGA1200,ATX,4,"{'total': 128000000000}","Black / Gray",NULL
553,ASRock,"Z490 Phantom Gaming 4/ac",LGA1200,ATX,4,"{'total': 128000000000}","Black / Gray",NULL
554,ASRock,"Z490 Phantom Gaming 4/ax",LGA1200,ATX,4,"{'total': 128000000000}","Black / Gray",NULL
555,ASRock,"Z490 Phantom Gaming 4SR",LGA1200,ATX,4,"{'total': 128000000000}",Black,NULL
556,ASRock,"Z490 Phantom Gaming-ITX/TB3",LGA1200,"Mini ITX",2,"{'total': 64000000000}",Black,NULL
557,ASRock,"Z490 Pro4",LGA1200,ATX,4,"{'total': 128000000000}","Black / Silver",NULL
558,ASRock,"Z490 Steel Legend",LGA1200,ATX,4,"{'total': 128000000000}","Black / Silver",NULL
559,ASRock,"Z490 Taichi",LGA1200,ATX,4,"{'total': 128000000000}","Black / Gold",NULL
560,ASRock,Z490D4U-2L2T,LGA1200,"Micro ATX",4,"{'total': 128000000000}","Green / Blue",NULL
561,ASRock,"Z490M Pro4",LGA1200,"Micro ATX",4,"{'total': 128000000000}","Black / Silver",NULL
562,ASRock,Z490M-ITX/ac,LGA1200,"Mini ITX",2,"{'total': 64000000000}","Black / Silver",NULL
563,ASRock,"Z68 Extreme3 Gen3",LGA1155,ATX,4,"{'total': 32000000000}",Black,NULL
564,ASRock,"Z68 Extreme4",LGA1155,ATX,4,"{'total': 32000000000}","Black / Blue",NULL
565,ASRock,"Z68 Extreme4 Gen3",LGA1155,ATX,4,"{'total': 32000000000}",NULL,NULL
566,ASRock,"Z68 Extreme7 Gen3",LGA1155,ATX,4,"{'total': 32000000000}","Black / Silver",NULL
567,ASRock,"Z68 Pro3",LGA1155,ATX,4,"{'total': 32000000000}","Black / Blue",NULL
568,ASRock,"Z68 Pro3 GEN3",LGA1155,ATX,4,"{'total': 32000000000}","Brown / Black",NULL
569,ASRock,"Z68 Pro3-M",LGA1155,"Micro ATX",4,"{'total': 32000000000}","Black / Blue",NULL
570,ASRock,"Z68 Professional Gen3",LGA1155,ATX,4,"{'total': 32000000000}",NULL,NULL
571,ASRock,Z68M-ITX/HT,LGA1155,"Mini ITX",2,"{'total': 16000000000}","Black / Blue",NULL
572,ASRock,Z68M/USB3,LGA1155,"Micro ATX",2,"{'total': 16000000000}",NULL,NULL
573,ASRock,"Z75 Pro3",LGA1155,ATX,4,"{'total': 32000000000}","Brown / Black",NULL
574,ASRock,"Z77 Extreme11",LGA1155,EATX,4,"{'total': 32000000000}","Black / Gold",NULL
575,ASRock,"Z77 Extreme3",LGA1155,ATX,4,"{'total': 32000000000}","Brown / Black",NULL
576,ASRock,"Z77 Extreme4",LGA1155,ATX,4,"{'total': 32000000000}","Brown / Black",NULL
577,ASRock,"Z77 Extreme4-M",LGA1155,"Micro ATX",4,"{'total': 32000000000}","Brown / Black",NULL
578,ASRock,"Z77 Extreme6",LGA1155,ATX,4,"{'total': 32000000000}","Black / Gold",NULL
579,ASRock,"Z77 Extreme6/TB4",LGA1155,ATX,4,"{'total': 32000000000}","Black / Gold",NULL
580,ASRock,"Z77 Extreme9",LGA1155,ATX,4,"{'total': 32000000000}","Black / Silver",NULL
581,ASRock,"Z77 Fatal1ty Professional",LGA1155,ATX,4,"{'total': 32000000000}","Black / Red",NULL
582,ASRock,"Z77 OC Formula",LGA1155,EATX,4,"{'total': 32000000000}","Black / Yellow",NULL
583,ASRock,"Z77 Performance",LGA1155,ATX,4,"{'total': 32000000000}","Black / Red",NULL
584,ASRock,"Z77 Pro3",LGA1155,ATX,4,"{'total': 32000000000}","Brown / Black",NULL
585,ASRock,"Z77 Pro4",LGA1155,ATX,4,"{'total': 32000000000}","Brown / Black",NULL
586,ASRock,"Z77 Pro4-M",LGA1155,"Micro ATX",4,"{'total': 32000000000}","Brown / Black",NULL
587,ASRock,"Z77 Professional",LGA1155,ATX,4,"{'total': 32000000000}","Black / Red",NULL
588,ASRock,"Z77 Professional-M",LGA1155,"Micro ATX",4,"{'total': 32000000000}","Black / Red",NULL
589,ASRock,"Z77 WS",LGA1155,ATX,4,"{'total': 32000000000}","Brown / Black",NULL
590,ASRock,Z77E-ITX,LGA1155,"Mini ITX",2,"{'total': 16000000000}","Brown / Black",NULL
591,ASRock,Z77M,LGA1155,"Micro ATX",2,"{'total': 16000000000}","Brown / Black",NULL
592,ASRock,"Z87 Extreme11/ac",LGA1150,EATX,4,"{'total': 32000000000}","Black / Gold",NULL
593,ASRock,"Z87 Extreme3",LGA1150,ATX,4,"{'total': 32000000000}","Brown / Black",NULL
594,ASRock,"Z87 Extreme4",LGA1150,ATX,4,"{'total': 32000000000}","Brown / Black",NULL
595,ASRock,"Z87 Extreme6",LGA1150,ATX,4,"{'total': 32000000000}","Brown / Black",NULL
596,ASRock,"Z87 Extreme6/ac",LGA1150,ATX,4,"{'total': 32000000000}","Black / Silver",NULL
597,ASRock,"Z87 Extreme9/ac",LGA1150,ATX,4,"{'total': 32000000000}","Brown / Black",NULL
598,ASRock,"Z87 OC Formula",LGA1150,EATX,4,"{'total': 32000000000}","Black / Yellow",NULL
599,ASRock,"Z87 OC Formula/ac",LGA1150,EATX,4,"{'total': 32000000000}","Black / Yellow",NULL
600,ASRock,"Z87 Pro3",LGA1150,ATX,4,"{'total': 32000000000}","Brown / Black",NULL
601,ASRock,"Z87 Pro4",LGA1150,ATX,4,"{'total': 32000000000}","Brown / Black",NULL
602,ASRock,"Z87 Professional",LGA1150,ATX,4,"{'total': 32000000000}","Black / Red",NULL
603,ASRock,Z87E-ITX,LGA1150,"Mini ITX",2,"{'total': 16000000000}","Black / Silver",NULL
604,ASRock,"Z87M Extreme4",LGA1150,"Micro ATX",4,"{'total': 32000000000}","Brown / Black",NULL
605,ASRock,"Z87M OC Formula",LGA1150,"Micro ATX",4,"{'total': 32000000000}","Black / Yellow",NULL
606,ASRock,"Z87M Pro4",LGA1150,"Micro ATX",4,"{'total': 32000000000}","Brown / Black",NULL
607,ASRock,"Z97 Anniversary",LGA1150,ATX,4,"{'total': 32000000000}","Black / Blue",NULL
608,ASRock,"Z97 EXTREME4",LGA1150,ATX,4,"{'total': 32000000000}","Black / Blue",NULL
609,ASRock,"Z97 EXTREME6",LGA1150,ATX,4,"{'total': 32000000000}","Black / Blue",NULL
610,ASRock,"Z97 EXTREME9",LGA1150,ATX,4,"{'total': 32000000000}","Black / Blue",NULL
611,ASRock,"Z97 Extreme3",LGA1150,ATX,4,"{'total': 32000000000}","Black / Blue",NULL
612,ASRock,"Z97 Extreme4/3.1",LGA1150,ATX,4,"{'total': 32000000000}","Black / Blue",NULL
613,ASRock,"Z97 Extreme6/3.1",LGA1150,ATX,4,"{'total': 32000000000}","Black / Blue",NULL
614,ASRock,"Z97 Extreme6/ac",LGA1150,ATX,4,"{'total': 32000000000}","Black / Blue",NULL
615,ASRock,"Z97 Killer/3.1",LGA1150,ATX,4,"{'total': 32000000000}","Black / Red",NULL
616,ASRock,"Z97 OC FORMULA",LGA1150,ATX,4,"{'total': 32000000000}","Black / Yellow",NULL
617,ASRock,"Z97 PRO3",LGA1150,ATX,4,"{'total': 32000000000}","Black / Blue",NULL
618,ASRock,"Z97 PRO4",LGA1150,ATX,4,"{'total': 32000000000}","Black / Blue",NULL
619,ASRock,"Z97 PROFESSIONAL",LGA1150,ATX,4,"{'total': 32000000000}","Black / Red",NULL
620,ASRock,Z97E-ITX/ac,LGA1150,"Mini ITX",2,"{'total': 16000000000}","Black / Blue",NULL
621,ASRock,"Z97M Anniversary",LGA1150,"Micro ATX",4,"{'total': 32000000000}","Black / Blue",NULL
622,ASRock,"Z97M OC Formula",LGA1150,"Micro ATX",4,"{'total': 32000000000}","Black / Yellow",NULL
623,ASRock,"Z97M Pro4",LGA1150,"Micro ATX",4,"{'total': 32000000000}","Black / Blue",NULL
624,ASRock,Z97M-ITX/AC,LGA1150,"Mini ITX",2,"{'total': 16000000000}","Black / Blue",NULL
625,ASRock,"Z97X Killer/3.1",LGA1150,ATX,4,"{'total': 32000000000}","Black / Red",NULL
626,Asus,"970 PRO GAMING/AURA",AM3+,ATX,4,"{'total': 32000000000}","Black / Red",NULL
627,Asus,A55BM-A/USB3,FM2+,"Micro ATX",2,"{'total': 32000000000}","Black / Gold",NULL
628,Asus,A55BM-E,FM2+,"Micro ATX",2,"{'total': 32000000000}","Black / Gold",NULL
629,Asus,A55BM-K,FM2+,"Micro ATX",2,"{'total': 32000000000}","Black / Yellow",NULL
630,Asus,A55M-A,FM2,"Micro ATX",2,"{'total': 32000000000}",NULL,NULL
631,Asus,A55M-A/USB3,FM2,"Micro ATX",2,"{'total': 32000000000}","Black / Blue",NULL
632,Asus,A55M-E,FM2,"Micro ATX",2,"{'total': 32000000000}","Black / Blue",NULL
633,Asus,A68HM-E,FM2+,"Micro ATX",2,"{'total': 32000000000}","Black / Gold",NULL
634,Asus,A68HM-K,FM2+,"Micro ATX",2,"{'total': 32000000000}","Black / Gold",NULL
635,Asus,A68HM-Plus,FM2+,"Micro ATX",2,"{'total': 32000000000}",Black,NULL
636,Asus,A78M-A,FM2+,"Micro ATX",4,"{'total': 64000000000}","Black / Gold",NULL
637,Asus,A78M-E,FM2+,"Micro ATX",2,"{'total': 32000000000}","Black / Gold",NULL
638,Asus,A85XM-A,FM2,"Micro ATX",2,"{'total': 32000000000}",NULL,NULL
639,Asus,A88X-GAMER,FM2+,ATX,4,"{'total': 64000000000}","Black / Red",NULL
640,Asus,A88X-PLUS,FM2+,ATX,4,"{'total': 64000000000}","Black / Gold",NULL
641,Asus,"A88X-PLUS/USB 3.1",FM2+,ATX,4,"{'total': 64000000000}","Black / Gold",NULL
642,Asus,A88X-PRO,FM2+,ATX,4,"{'total': 64000000000}","Black / Gold",NULL
643,Asus,A88XM-A,FM2+,"Micro ATX",4,"{'total': 64000000000}","Black / Gold",NULL
644,Asus,"A88XM-A/USB 3.1",FM2+,"Micro ATX",4,"{'total': 64000000000}","Black / Gold",NULL
645,Asus,A88XM-E,FM2+,"Micro ATX",2,"{'total': 32000000000}","Black / Gold",NULL
646,Asus,A88XM-PLUS/CSM,FM2+,"Micro ATX",4,"{'total': 64000000000}","Black / Gold",NULL
647,Asus,A88XM-Plus,FM2+,"Micro ATX",4,"{'total': 64000000000}","Black / Gold",NULL
648,Asus,AM1I-A,AM1,"Mini ITX",2,"{'total': 32000000000}","Black / Gold",NULL
649,Asus,AM1M-A,AM1,"Micro ATX",2,"{'total': 32000000000}","Black / Gold",NULL
650,Asus,"ASUS B85M-E",LGA1150,"Micro ATX",4,"{'total': 32000000000}","Black / Gold",NULL
651,Asus,"ASUS CS-B",LGA1150,"Micro ATX",4,"{'total': 32000000000}","Brown / Black",NULL
652,Asus,"AT3IONT-I Deluxe","Integrated Atom 330","Mini ITX",2,"{'total': 4000000000}","Black / Blue",NULL
653,Asus,AT5IONT-I,"Integrated Atom D525","Mini ITX",2,"{'total': 4000000000}","Black / Blue",NULL
654,Asus,AT5NM10-I,"Integrated Atom D510","Mini ITX",2,"{'total': 4000000000}","Black / Blue",NULL
655,Asus,AT5NM10T-I,"Integrated Atom D525","Mini ITX",2,"{'total': 4000000000}","Black / Blue",NULL
656,Asus,"B150 PRO GAMING D3",LGA1151,ATX,4,"{'total': 64000000000}","Black / Red",NULL
657,Asus,"B150 PRO GAMING/AURA",LGA1151,ATX,4,"{'total': 64000000000}","Black / Red",NULL
658,Asus,B150-PLUS,LGA1151,ATX,4,"{'total': 64000000000}","Black / Gold",NULL
659,Asus,"B150-PLUS D3",LGA1151,ATX,4,"{'total': 64000000000}","Black / Gold",NULL
660,Asus,B150-PRO,LGA1151,ATX,4,"{'total': 64000000000}","Black / Gold",NULL
661,Asus,"B150-PRO D3",LGA1151,ATX,4,"{'total': 64000000000}","Black / Gold",NULL
662,Asus,"B150I PRO GAMING/WIFI/AURA",LGA1151,"Mini ITX",2,"{'total': 32000000000}","Black / Red",NULL
663,Asus,"B150M PRO GAMING",LGA1151,"Micro ATX",4,"{'total': 64000000000}","Black / Red",NULL
664,Asus,B150M-A,LGA1151,"Micro ATX",4,"{'total': 64000000000}","Black / Gold",NULL
665,Asus,"B150M-A D3",LGA1151,"Micro ATX",4,"{'total': 64000000000}","Black / Gold",NULL
666,Asus,B150M-A/M.2,LGA1151,"Micro ATX",4,"{'total': 64000000000}","Black / Gold",NULL
667,Asus,B150M-C,LGA1151,"Micro ATX",4,"{'total': 64000000000}","Black / Gold",NULL
668,Asus,"B150M-C D3",LGA1151,"Micro ATX",4,"{'total': 64000000000}","Black / Gold",NULL
669,Asus,B150M-C/CSM,LGA1151,"Micro ATX",4,"{'total': 64000000000}","Black / Gold",NULL
670,Asus,B150M-K,LGA1151,"Micro ATX",2,"{'total': 32000000000}","Black / Gold",NULL
671,Asus,"B150M-K D3",LGA1151,"Micro ATX",2,"{'total': 32000000000}","Black / Gold",NULL
672,Asus,B150M-PLUS,LGA1151,"Micro ATX",4,"{'total': 64000000000}","Black / Gold",NULL
673,Asus,"B150M-PLUS D3",LGA1151,"Micro ATX",4,"{'total': 64000000000}","Black / Gold",NULL
674,Asus,B75M-A,LGA1155,"Micro ATX",2,"{'total': 16000000000}","Black / Blue",NULL
675,Asus,B75M-Plus,LGA1155,"Micro ATX",4,"{'total': 32000000000}","Black / Blue",NULL
676,Asus,B85-PLUS,LGA1150,ATX,4,"{'total': 32000000000}","Black / Gold",NULL
677,Asus,"B85-PRO GAMER",LGA1150,ATX,4,"{'total': 32000000000}","Black / Red",NULL
678,Asus,"B85M-D PLUS",LGA1150,"Micro ATX",2,"{'total': 16000000000}","Black / Yellow",NULL
679,Asus,B85M-E/CSM,LGA1150,"Micro ATX",4,"{'total': 32000000000}","Black / Gold",NULL
680,Asus,B85M-F,LGA1150,"Micro ATX",2,"{'total': 16000000000}","Black / Gold",NULL
681,Asus,B85M-G,LGA1150,"Micro ATX",4,"{'total': 32000000000}",NULL,NULL
682,Asus,"B85M-G R2.0",LGA1150,"Micro ATX",4,"{'total': 32000000000}","Black / Gold",NULL
683,Asus,B85M-GAMER,LGA1150,"Micro ATX",4,"{'total': 32000000000}","Black / Red",NULL
684,Asus,"CROSSBLADE RANGER",FM2+,ATX,4,"{'total': 64000000000}","Black / Red",NULL
685,Asus,"CROSSHAIR VI HERO",AM4,ATX,4,"{'total': 64000000000}",Black,NULL
686,Asus,"CROSSHAIR VI HERO (WI-FI AC)",AM4,ATX,4,"{'total': 64000000000}","Black / Gray",NULL
687,Asus,"Crosshair IV Extreme",AM3,EATX,4,"{'total': 16000000000}","Black / Red",NULL
688,Asus,"Crosshair IV Formula",AM3,ATX,4,"{'total': 16000000000}","Black / Red",NULL
689,Asus,"Crosshair V Formula",AM3+,ATX,4,"{'total': 32000000000}","Black / Red",NULL
690,Asus,"Crosshair V Formula-Z",AM3+,ATX,4,"{'total': 32000000000}","Black / Red",NULL
691,Asus,"Crosshair V Formula/Thunderbolt",AM3+,ATX,4,"{'total': 32000000000}","Black / Red",NULL
692,Asus,"E3 PRO GAMING V5",LGA1151,ATX,4,"{'total': 64000000000}","Black / Red",NULL
693,Asus,"E3-PRO V5",LGA1151,ATX,4,"{'total': 64000000000}","Black / White",NULL
694,Asus,E35M1-I,"Integrated E-Series E-350","Mini ITX",2,"{'total': 8000000000}","Black / Blue",NULL
695,Asus,"E35M1-I DELUXE","Integrated E-Series E-350","Mini ITX",2,"{'total': 8000000000}","Black / Blue",NULL
696,Asus,"E35M1-M PRO","Integrated E-Series E-350","Micro ATX",2,"{'total': 8000000000}","Black / Blue",NULL
697,Asus,"E45M1-M PRO","Integrated E-Series E-450","Micro ATX",2,"{'total': 8000000000}","Black / Blue",NULL
698,Asus,EX-A320M-GAMING,AM4,"Micro ATX",4,"{'total': 64000000000}","Red / Black",NULL
699,Asus,EX-B360M-V5,LGA1151,"Micro ATX",2,"{'total': 32000000000}","Black / Red",NULL
700,Asus,"F1A55-M LE",FM1,"Micro ATX",2,"{'total': 32000000000}","Black / Blue",NULL
701,Asus,"F1A55-M LE R2.0",FM1,"Micro ATX",2,"{'total': 32000000000}","Black / Blue",NULL
702,Asus,"F1A55-M LX PLUS",FM1,"Micro ATX",2,"{'total': 32000000000}","Black / Blue",NULL
703,Asus,"F1A55-M LX PLUS R2.0",FM1,"Micro ATX",2,"{'total': 32000000000}","Black / Blue",NULL
704,Asus,"F1A55-M LX3",FM1,"Micro ATX",2,"{'total': 32000000000}","Black / Blue",NULL
705,Asus,F1A55-M/CSM,FM1,"Micro ATX",4,"{'total': 32000000000}","Black / Blue",NULL
706,Asus,"F1A75-I Deluxe",FM1,"Mini ITX",2,"{'total': 16000000000}","Black / Blue",NULL
707,Asus,F1A75-M,FM1,"Micro ATX",4,"{'total': 64000000000}","Black / Blue",NULL
708,Asus,"F1A75-M LE",FM1,"Micro ATX",2,"{'total': 32000000000}","Black / Blue",NULL
709,Asus,"F1A75-M PRO",FM1,"Micro ATX",4,"{'total': 64000000000}","Black / Blue",NULL
710,Asus,"F1A75-M PRO R2.0",FM1,"Micro ATX",4,"{'total': 64000000000}","Black / Blue",NULL
711,Asus,"F1A75-M PRO/CSM",FM1,"Micro ATX",4,"{'total': 64000000000}",NULL,NULL
712,Asus,"F1A75-V EVO",FM1,ATX,4,"{'total': 64000000000}","Black / Blue",NULL
713,Asus,"F1A75-V PRO",FM1,ATX,4,"{'total': 64000000000}","Black / Blue",NULL
714,Asus,"F2A55-M LE",FM2,"Micro ATX",2,"{'total': 32000000000}","Black / Blue",NULL
715,Asus,"F2A55-M LK PLUS",FM2,"Micro ATX",2,"{'total': 32000000000}","Black / Blue",NULL
716,Asus,F2A55-M/CSM,FM2,"Micro ATX",4,"{'total': 64000000000}","Black / Blue",NULL
717,Asus,"F2A85-M PRO",FM2,"Micro ATX",4,"{'total': 64000000000}","Black / Blue",NULL
718,Asus,F2A85-M/CSM,FM2,"Micro ATX",4,"{'total': 64000000000}","Black / Blue",NULL
719,Asus,F2A85-M2,FM2,"Micro ATX",4,"{'total': 64000000000}","Black / Blue",NULL
720,Asus,F2A85-V,FM2,ATX,4,"{'total': 64000000000}","Black / Blue",NULL
721,Asus,"F2A85-V PRO",FM2,ATX,4,"{'total': 64000000000}","Black / Blue",NULL
722,Asus,"GRYPHON Z87",LGA1150,"Micro ATX",4,"{'total': 32000000000}","Brown / Black",NULL
723,Asus,"GRYPHON Z97",LGA1150,"Micro ATX",4,"{'total': 32000000000}","Brown / Black",NULL
724,Asus,"GRYPHON Z97 ARMOR EDITION",LGA1150,"Micro ATX",4,"{'total': 32000000000}","Brown / Black",NULL
725,Asus,H110-PLUS,LGA1151,ATX,2,"{'total': 32000000000}","Black / Gold",NULL
726,Asus,H110I-PLUS,LGA1151,"Mini ITX",2,"{'total': 32000000000}","Black / Gold",NULL
727,Asus,"H110I-PLUS D3/CSM",LGA1151,"Mini ITX",2,"{'total': 32000000000}","Black / Gold",NULL
728,Asus,H110I-PLUS/CSM,LGA1151,"Mini ITX",2,"{'total': 32000000000}","Black / Gold",NULL
729,Asus,H110M-A,LGA1151,"Micro ATX",2,"{'total': 32000000000}","Black / Gold",NULL
730,Asus,"H110M-A D3",LGA1151,"Micro ATX",2,"{'total': 32000000000}","Black / Gold",NULL
731,Asus,H110M-A/DP,LGA1151,"Micro ATX",2,"{'total': 32000000000}","Black / Gold",NULL
732,Asus,H110M-A/M.2,LGA1151,"Micro ATX",2,"{'total': 32000000000}","Black / Gold",NULL
733,Asus,"H110M-C D3",LGA1151,"Micro ATX",2,"{'total': 32000000000}","Black / Gold",NULL
734,Asus,H110M-C/CSM,LGA1151,"Micro ATX",2,"{'total': 32000000000}","Black / Gold",NULL
735,Asus,H110M-D,LGA1151,"Micro ATX",2,"{'total': 32000000000}","Black / Silver",NULL
736,Asus,"H110M-D D3",LGA1151,"Micro ATX",2,"{'total': 32000000000}","Black / Silver",NULL
737,Asus,H110M-E,LGA1151,"Micro ATX",2,"{'total': 32000000000}","Black / Gold",NULL
738,Asus,"H110M-E D3",LGA1151,"Micro ATX",2,"{'total': 32000000000}","Black / Gold",NULL
739,Asus,H110M-E/M.2,LGA1151,"Micro ATX",2,"{'total': 32000000000}","Black / Gold",NULL
740,Asus,H110M-K,LGA1151,"Micro ATX",2,"{'total': 32000000000}","Black / Gold",NULL
741,Asus,"H110M-K D3",LGA1151,"Micro ATX",2,"{'total': 32000000000}","Black / Gold",NULL
742,Asus,H110M-PLUS,LGA1151,"Micro ATX",2,"{'total': 32000000000}","Black / Gold",NULL
743,Asus,H110M-R,LGA1151,"Micro ATX",2,"{'total': 32000000000}",Black,NULL
744,Asus,"H170 PRO GAMING",LGA1151,ATX,4,"{'total': 64000000000}","Black / Red",NULL
745,Asus,"H170-PLUS D3",LGA1151,ATX,4,"{'total': 64000000000}","Black / Gold",NULL
746,Asus,H170-PRO,LGA1151,ATX,4,"{'total': 64000000000}","Black / Gold",NULL
747,Asus,H170-PRO/CSM,LGA1151,ATX,4,"{'total': 64000000000}","Black / Gold",NULL
748,Asus,"H170-PRO/USB 3.1",LGA1151,ATX,4,"{'total': 64000000000}","Black / Gold",NULL
749,Asus,"H170I-PLUS D3",LGA1151,"Mini ITX",2,"{'total': 32000000000}","Black / Gold",NULL
750,Asus,H170I-PRO,LGA1151,"Mini ITX",2,"{'total': 32000000000}","Black / Gold",NULL
751,Asus,H170I-PRO/CSM,LGA1151,"Mini ITX",2,"{'total': 32000000000}","Black / Gold",NULL
752,Asus,"H170M-E D3",LGA1151,"Micro ATX",4,"{'total': 64000000000}","Black / Gold",NULL
753,Asus,H170M-PLUS,LGA1151,"Micro ATX",4,"{'total': 64000000000}","Black / Gold",NULL
754,Asus,H170M-PLUS/CSM,LGA1151,"Micro ATX",4,"{'total': 64000000000}","Black / Gold",NULL
755,Asus,H61M-C,LGA1155,"Micro ATX",2,"{'total': 16000000000}","Black / Blue",NULL
756,Asus,H61M-K,LGA1155,"Micro ATX",2,"{'total': 16000000000}","Black / Blue",NULL
757,Asus,H81-GAMER,LGA1150,ATX,4,"{'total': 16000000000}","Black / Red",NULL
758,Asus,H81-PLUS,LGA1150,ATX,2,"{'total': 16000000000}","Black / Gold",NULL
759,Asus,H81I-PLUS,LGA1150,"Mini ITX",2,"{'total': 16000000000}","Black / Gold",NULL
760,Asus,H81M-A,LGA1150,"Micro ATX",2,"{'total': 16000000000}","Black / Gold",NULL
761,Asus,H81M-C/CSM,LGA1150,"Micro ATX",2,"{'total': 16000000000}","Black / Gold",NULL
762,Asus,"H81M-D PLUS",LGA1150,"Micro ATX",2,"{'total': 16000000000}","Black / Yellow",NULL
763,Asus,H81M-E,LGA1150,"Micro ATX",2,"{'total': 16000000000}","Black / Gold",NULL
764,Asus,H81M-K,LGA1150,"Micro ATX",2,"{'total': 16000000000}",NULL,NULL
765,Asus,H81M-PLUS,LGA1150,"Micro ATX",2,"{'total': 16000000000}","Black / Gold",NULL
766,Asus,H81T/CSM,LGA1150,"Thin Mini ITX",2,"{'total': 16000000000}","Black / Gold",NULL
767,Asus,H87-PLUS,LGA1150,ATX,4,"{'total': 32000000000}","Black / Gold",NULL
768,Asus,H87-PRO,LGA1150,ATX,4,"{'total': 32000000000}","Black / Gold",NULL
769,Asus,H87I-PLUS,LGA1150,"Mini ITX",2,"{'total': 16000000000}","Black / Gold",NULL
770,Asus,H87M-E,LGA1150,"Micro ATX",4,"{'total': 32000000000}","Black / Gold",NULL
771,Asus,H87M-PRO,LGA1150,"Micro ATX",4,"{'total': 32000000000}","Black / Gold",NULL
772,Asus,H87M-Plus/CSM,LGA1150,"Micro ATX",4,"{'total': 32000000000}","Black / Gold",NULL
773,Asus,H97-PLUS,LGA1150,ATX,4,"{'total': 32000000000}","Black / Gold",NULL
774,Asus,H97-PRO,LGA1150,ATX,4,"{'total': 32000000000}","Black / Gold",NULL
775,Asus,"H97-PRO GAMER",LGA1150,ATX,4,"{'total': 32000000000}","Black / Red",NULL
776,Asus,H97I-PLUS,LGA1150,"Mini ITX",2,"{'total': 16000000000}","Black / Gold",NULL
777,Asus,H97M-E,LGA1150,"Micro ATX",4,"{'total': 32000000000}","Black / Gray",NULL
778,Asus,H97M-E/CSM,LGA1150,"Micro ATX",4,"{'total': 32000000000}","Black / Gold",NULL
779,Asus,H97M-E/CSM/C/SI,LGA1150,"Micro ATX",4,"{'total': 32000000000}","Black / Gold",NULL
780,Asus,H97M-PLUS,LGA1150,"Micro ATX",4,"{'total': 32000000000}","Black / Gold",NULL
781,Asus,KGPE-D16,"2 x G34","SSI EEB",16,"{'total': 256000000000}",Multicolor,NULL
782,Asus,M2N,AM2,ATX,4,"{'total': 8000000000}",Yellow,NULL
783,Asus,"M2N68-AM PLUS",AM3/AM2+/AM2,"Micro ATX",2,"{'total': 8000000000}",Multicolor,NULL
784,Asus,M4A77D,AM3/AM2+/AM2,ATX,4,"{'total': 16000000000}",NULL,NULL
785,Asus,M4A77T/USB3,AM3,ATX,4,"{'total': 16000000000}",NULL,NULL
786,Asus,M4A77TD,AM3,ATX,4,"{'total': 16000000000}","Black / Blue",NULL
787,Asus,M4A785-M,AM3/AM2+/AM2,"Micro ATX",4,"{'total': 16000000000}","Black / Blue",NULL
788,Asus,M4A785T-M,AM3,"Micro ATX",4,"{'total': 16000000000}",NULL,NULL
789,Asus,M4A785T-M/CSM,AM3,"Micro ATX",4,"{'total': 16000000000}","Black / Blue",NULL
790,Asus,"M4A785TD-M EVO",AM3,"Micro ATX",4,"{'total': 16000000000}","Black / Blue",NULL
791,Asus,"M4A785TD-V EVO",AM3,ATX,4,"{'total': 16000000000}","Black / Blue",NULL
792,Asus,"M4A785TD-V EVO/U3S6",AM3,ATX,4,"{'total': 16000000000}","Black / Blue",NULL
793,Asus,M4A78L-M,AM3/AM2+/AM2,"Micro ATX",2,"{'total': 8000000000}",NULL,NULL
794,Asus,M4A78LT-M,AM3,"Micro ATX",4,"{'total': 16000000000}","Black / Blue",NULL
795,Asus,"M4A78LT-M LE",AM3,"Micro ATX",2,"{'total': 8000000000}","Black / Blue",NULL
796,Asus,M4A78T-E,AM3,ATX,4,"{'total': 16000000000}","Black / Blue",NULL
797,Asus,"M4A79T DELUXE",AM3,ATX,4,"{'total': 16000000000}","Black / Blue",NULL
798,Asus,"M4A79XTD EVO",AM3,ATX,4,"{'total': 16000000000}","Black / Blue",NULL
799,Asus,M4A87T,AM3,ATX,4,"{'total': 16000000000}",NULL,NULL
800,Asus,"M4A87TD EVO",AM3,ATX,4,"{'total': 16000000000}","Black / Blue",NULL
801,Asus,M4A87TD/USB3,AM3,ATX,4,"{'total': 16000000000}","Black / Blue",NULL
802,Asus,"M4A88T-I Deluxe",AM3,"Mini ITX",2,"{'total': 8000000000}","Black / Blue",NULL
803,Asus,M4A88T-M,AM3,"Micro ATX",4,"{'total': 16000000000}","Black / Blue",NULL
804,Asus,"M4A88T-M LE",AM3,"Micro ATX",2,"{'total': 8000000000}","Black / Blue",NULL
805,Asus,M4A88T-M/USB3,AM3,"Micro ATX",4,"{'total': 16000000000}","Black / Blue",NULL
806,Asus,"M4A88T-V EVO",AM3,ATX,4,"{'total': 16000000000}","Black / Blue",NULL
807,Asus,"M4A88T-V EVO/USB3",AM3,ATX,4,"{'total': 16000000000}","Black / Blue",NULL
808,Asus,M4A88TD-M,AM3,ATX,4,"{'total': 16000000000}","Black / Blue",NULL
809,Asus,M4A88TD-M/USB3,AM3,"Micro ATX",4,"{'total': 16000000000}",NULL,NULL
810,Asus,"M4A88TD-V EVO/USB3",AM3,ATX,4,"{'total': 16000000000}","Black / Blue",NULL
811,Asus,"M4A89GTD PRO",AM3,ATX,4,"{'total': 16000000000}","Black / Blue",NULL
812,Asus,"M4A89GTD PRO/USB3",AM3,ATX,4,"{'total': 16000000000}","Black / Blue",NULL
813,Asus,"M4A89TD PRO/USB3",AM3,ATX,4,"{'total': 16000000000}","Black / Blue",NULL
814,Asus,"M4A89TD Pro",AM3,ATX,4,"{'total': 16000000000}","Black / Blue",NULL
815,Asus,M4N68T-M,AM3,"Micro ATX",2,"{'total': 8000000000}","Black / Blue",NULL
816,Asus,"M4N68T-M V2",AM3,"Micro ATX",2,"{'total': 16000000000}","Black / Blue",NULL
817,Asus,M4N75TD,AM3,ATX,4,"{'total': 16000000000}","Black / Blue",NULL
818,Asus,"M4N98TD EVO",AM3,ATX,4,"{'total': 16000000000}","Black / Blue",NULL
819,Asus,"M5A78L-M LE/USB3",AM3+,"Micro ATX",2,"{'total': 16000000000}","Black / Blue",NULL
820,Asus,"M5A78L-M LX",AM3+,"Micro ATX",2,"{'total': 8000000000}","Black / Blue",NULL
821,Asus,"M5A78L-M LX PLUS",AM3+,"Micro ATX",2,"{'total': 16000000000}","Black / Blue",NULL
822,Asus,"M5A78L-M PLUS/USB3",AM3+,"Micro ATX",4,"{'total': 32000000000}","Black / Blue",NULL
823,Asus,M5A78L-M/USB3,AM3+,"Micro ATX",4,"{'total': 32000000000}","Black / Blue",NULL
824,Asus,M5A78L/USB3,AM3+,ATX,4,"{'total': 32000000000}",Brown,NULL
825,Asus,M5A87,AM3+,ATX,4,"{'total': 16000000000}",NULL,NULL
826,Asus,M5A88-M,AM3+,"Micro ATX",4,"{'total': 16000000000}","Black / Blue",NULL
827,Asus,"M5A88-V EVO",AM3+,ATX,4,"{'total': 16000000000}",NULL,NULL
828,Asus,M5A97,AM3+,ATX,4,"{'total': 32000000000}",NULL,NULL
829,Asus,"M5A97 EVO",AM3+,ATX,4,"{'total': 32000000000}","Black / Blue",NULL
830,Asus,"M5A97 EVO R2.0",AM3+,ATX,4,"{'total': 32000000000}","Black / Blue",NULL
831,Asus,"M5A97 LE R2.0",AM3+,ATX,4,"{'total': 32000000000}","Black / Blue",NULL
832,Asus,"M5A97 LE R2.0 BOM",AM3+,ATX,4,"{'total': 32000000000}",NULL,NULL
833,Asus,"M5A97 PLUS",AM3+,ATX,4,"{'total': 32000000000}","Black / Blue",NULL
834,Asus,"M5A97 R2.0",AM3+,ATX,4,"{'total': 32000000000}","Black / Blue",NULL
835,Asus,"M5A99FX PRO R2.0",AM3+,ATX,4,"{'total': 32000000000}","Black / Blue",NULL
836,Asus,"M5A99X EVO",AM3+,ATX,4,"{'total': 32000000000}","Black / Blue",NULL
837,Asus,"M5A99X EVO R2.0",AM3+,ATX,4,"{'total': 32000000000}","Black / Blue",NULL
838,Asus,"MAXIMUS IX APEX",LGA1151,EATX,2,"{'total': 32000000000}","Black / Silver",NULL
839,Asus,"MAXIMUS IX CODE",LGA1151,ATX,4,"{'total': 64000000000}",Black,NULL
840,Asus,"MAXIMUS IX FORMULA",LGA1151,ATX,4,"{'total': 64000000000}",Black,NULL
841,Asus,"MAXIMUS IX HERO",LGA1151,ATX,4,"{'total': 64000000000}","Black / Silver",NULL
842,Asus,"MAXIMUS VII FORMULA",LGA1150,ATX,4,"{'total': 32000000000}","Black / Red",NULL
843,Asus,"MAXIMUS VII GENE",LGA1150,"Micro ATX",4,"{'total': 32000000000}","Black / Red",NULL
844,Asus,"MAXIMUS VII HERO",LGA1150,ATX,4,"{'total': 32000000000}","Black / Red",NULL
845,Asus,"MAXIMUS VII IMPACT",LGA1150,"Mini ITX",2,"{'total': 16000000000}","Black / Red",NULL
846,Asus,"MAXIMUS VII RANGER",LGA1150,ATX,4,"{'total': 32000000000}","Black / Red",NULL
847,Asus,"MAXIMUS VIII EXTREME",LGA1151,EATX,4,"{'total': 64000000000}","Black / Red",NULL
848,Asus,"MAXIMUS VIII EXTREME/ASSEMBLY",LGA1151,EATX,4,"{'total': 64000000000}","Black / Red",NULL
849,Asus,"MAXIMUS VIII FORMULA",LGA1151,ATX,4,"{'total': 64000000000}","Black / Red",NULL
850,Asus,"MAXIMUS VIII GENE",LGA1151,"Micro ATX",4,"{'total': 64000000000}","Black / Red",NULL
851,Asus,"MAXIMUS VIII HERO",LGA1151,ATX,4,"{'total': 64000000000}","Black / Red",NULL
852,Asus,"MAXIMUS VIII IMPACT",LGA1151,"Mini ITX",2,"{'total': 32000000000}","Black / Red",NULL
853,Asus,"MAXIMUS VIII RANGER",LGA1151,ATX,4,"{'total': 64000000000}","Black / Red",NULL
854,Asus,"Maximus III Formula",LGA1156,ATX,4,"{'total': 16000000000}","Black / Red",NULL
855,Asus,"Maximus III Gene",LGA1156,"Micro ATX",4,"{'total': 16000000000}","Black / Red",NULL
856,Asus,"Maximus IV Extreme",LGA1155,EATX,4,"{'total': 32000000000}",NULL,NULL
857,Asus,"Maximus IV Extreme (REV 3.0)",LGA1155,EATX,4,"{'total': 32000000000}",NULL,NULL
858,Asus,"Maximus IV Extreme-Z",LGA1155,EATX,4,"{'total': 32000000000}","Black / Red",NULL
859,Asus,"Maximus IV Gene-Z",LGA1155,"Micro ATX",4,"{'total': 32000000000}","Black / Red",NULL
860,Asus,"Maximus IV Gene-Z/GEN3",LGA1155,"Micro ATX",4,"{'total': 32000000000}","Black / Red",NULL
861,Asus,"Maximus V Extreme",LGA1155,EATX,4,"{'total': 32000000000}","Black / Red",NULL
862,Asus,"Maximus V Formula",LGA1155,EATX,4,"{'total': 32000000000}","Black / Red",NULL
863,Asus,"Maximus V Formula/Assassins C3",LGA1155,EATX,4,"{'total': 32000000000}","Black / Red",NULL
864,Asus,"Maximus V Formula/ThunderFX",LGA1155,EATX,4,"{'total': 32000000000}","Black / Red",NULL
865,Asus,"Maximus V Gene",LGA1155,"Micro ATX",4,"{'total': 32000000000}","Black / Red",NULL
866,Asus,"Maximus VI Extreme",LGA1150,ATX,4,"{'total': 32000000000}","Black / Red",NULL
867,Asus,"Maximus VI Formula",LGA1150,ATX,4,"{'total': 32000000000}","Black / Red",NULL
868,Asus,"Maximus VI Gene",LGA1150,"Micro ATX",4,"{'total': 32000000000}",NULL,NULL
869,Asus,"Maximus VI Hero",LGA1150,ATX,4,"{'total': 32000000000}",NULL,NULL
870,Asus,"Maximus VI Impact",LGA1150,"Mini ITX",2,"{'total': 16000000000}","Black / Red",NULL
871,Asus,N3050M-E,"Integrated Celeron N3050","Micro ATX",2,"{'total': 8000000000}","Black / Gold",NULL
872,Asus,N3150I-C,"Integrated Celeron N3150","Mini ITX",2,"{'total': 8000000000}","Black / Gold",NULL
873,Asus,"P10S WS",LGA1151,ATX,4,"{'total': 64000000000}",Black,NULL
874,Asus,P10S-E/4L,LGA1151,ATX,4,"{'total': 64000000000}","Black / Blue",NULL
875,Asus,P10S-I,LGA1151,"Mini ITX",2,"{'total': 32000000000}","Black / Blue",NULL
876,Asus,P10S-M,LGA1151,"Micro ATX",4,"{'total': 64000000000}","Black / Blue",NULL
877,Asus,"P10S-M WS",LGA1151,"Micro ATX",4,"{'total': 64000000000}",Black,NULL
878,Asus,P11C-I,LGA1151,"Mini ITX",2,"{'total': 64000000000}","Black / Blue",NULL
879,Asus,"P5G41-M LE/CSM",LGA775,"Micro ATX",2,"{'total': 8000000000}","Black / Blue",NULL
880,Asus,P5G41C-M,LGA775,"Micro ATX",4,"{'total': 8000000000}","Black / Blue",NULL
881,Asus,"P5G41C-M LX",LGA775,"Micro ATX",2,"{'total': 8000000000}",NULL,NULL
882,Asus,"P5G41T-M LE",LGA775,"Micro ATX",2,"{'total': 8000000000}","Black / Blue",NULL
883,Asus,"P5G41T-M LX",LGA775,"Micro ATX",2,"{'total': 8000000000}","Black / Blue",NULL
884,Asus,"P5G41T-M LX PLUS",LGA775,"Micro ATX",2,"{'total': 8000000000}","Black / Blue",NULL
885,Asus,P5G41T-M/CSM,LGA775,"Micro ATX",2,"{'total': 8000000000}","Black / Blue",NULL
886,Asus,"P5G43T-M Pro",LGA775,"Micro ATX",2,"{'total': 8000000000}",NULL,NULL
887,Asus,"P5KPL-AM EPU",LGA775,"Micro ATX",2,"{'total': 4000000000}",Multicolor,NULL
888,Asus,P5N-D,LGA775,ATX,4,"{'total': 8000000000}","Black / Yellow",NULL
889,Asus,"P5P41T LE",LGA775,ATX,2,"{'total': 8000000000}","Black / Blue",NULL
890,Asus,P5P43TD,LGA775,ATX,4,"{'total': 16000000000}",Multicolor,NULL
891,Asus,P5P43TD/USB3,LGA775,ATX,4,"{'total': 16000000000}",NULL,NULL
892,Asus,"P5Q-EM DO",LGA775,"Micro ATX",4,"{'total': 16000000000}","Black / Yellow",NULL
893,Asus,"P5QL-VM DO/CSM",LGA775,"Micro ATX",4,"{'total': 16000000000}","Black / Yellow",NULL
894,Asus,P5QL/EPU,LGA775,ATX,4,"{'total': 16000000000}","Black / Yellow",NULL
895,Asus,P5QPL-AM,LGA775,"Micro ATX",2,"{'total': 8000000000}","Black / Yellow",NULL
896,Asus,P5QProTurbo,LGA775,ATX,4,"{'total': 16000000000}",Multicolor,NULL
897,Asus,P6T,LGA1366,ATX,6,"{'total': 24000000000}","Black / Blue",NULL
898,Asus,"P6T WS PRO",LGA1366,ATX,6,"{'total': 24000000000}","Black / Blue",NULL
899,Asus,"P6T6 WS Revolution",LGA1366,ATX,6,"{'total': 24000000000}","Black / Blue",NULL
900,Asus,"P6TD Deluxe",LGA1366,ATX,6,"{'total': 24000000000}","Black / Orange",NULL
901,Asus,"P6X58-E PRO",LGA1366,ATX,6,"{'total': 48000000000}","Black / Blue",NULL
902,Asus,"P6X58-E WS",LGA1366,ATX,6,"{'total': 24000000000}",NULL,NULL
903,Asus,"P6X58D Premium",LGA1366,ATX,6,"{'total': 24000000000}","Black / Blue",NULL
904,Asus,P6X58D-E,LGA1366,ATX,6,"{'total': 24000000000}","Black / Blue",NULL
905,Asus,"P7F7-E WS SuperComputer",LGA1156,ATX,6,"{'total': 16000000000}","Black / Blue",NULL
906,Asus,"P7H55-M LE",LGA1156,"Micro ATX",2,"{'total': 8000000000}","Black / Blue",NULL
907,Asus,"P7H55-M LX",LGA1156,"Micro ATX",2,"{'total': 8000000000}","Black / Blue",NULL
908,Asus,"P7H55-M Pro",LGA1156,"Micro ATX",4,"{'total': 16000000000}","Black / Blue",NULL
909,Asus,P7H55-M/CSM,LGA1156,"Micro ATX",4,"{'total': 16000000000}","Black / Blue",NULL
910,Asus,P7H55/USB3,LGA1156,ATX,4,"{'total': 16000000000}",NULL,NULL
911,Asus,"P7H57D-V EVO",LGA1156,ATX,4,"{'total': 16000000000}","Black / Blue",NULL
912,Asus,"P7P55 LX",LGA1156,ATX,4,"{'total': 16000000000}","Black / Blue",NULL
913,Asus,"P7P55 WS SuperComputer",LGA1156,ATX,4,"{'total': 16000000000}","Black / Blue",NULL
914,Asus,P7P55-M,LGA1156,"Micro ATX",4,"{'total': 16000000000}","Black / Blue",NULL
915,Asus,P7P55D,LGA1156,ATX,4,"{'total': 16000000000}","Black / Blue",NULL
916,Asus,"P7P55D Deluxe",LGA1156,ATX,4,"{'total': 16000000000}","Black / Blue",NULL
917,Asus,"P7P55D Pro",LGA1156,ATX,4,"{'total': 16000000000}","Black / Blue",NULL
918,Asus,P7P55D-E,LGA1156,ATX,4,"{'total': 16000000000}","Black / Blue",NULL
919,Asus,"P7P55D-E Deluxe",LGA1156,ATX,4,"{'total': 16000000000}",NULL,NULL
920,Asus,"P7P55D-E LX",LGA1156,ATX,4,"{'total': 16000000000}","Blue / White",NULL
921,Asus,"P7P55D-E PRO",LGA1156,ATX,4,"{'total': 16000000000}","Black / Blue",NULL
922,Asus,"P7Q57-M DO/CSM",LGA1156,"Micro ATX",4,"{'total': 16000000000}",NULL,NULL
923,Asus,"P8B75-M LE",LGA1155,"Micro ATX",2,"{'total': 16000000000}","Black / Blue",NULL
924,Asus,"P8B75-M LX PLUS",LGA1155,"Micro ATX",2,"{'total': 16000000000}","Black / Blue",NULL
925,Asus,P8B75-M/CSM,LGA1155,"Micro ATX",4,"{'total': 32000000000}","Black / Blue",NULL
926,Asus,P8B75-V,LGA1155,ATX,4,"{'total': 32000000000}","Black / Blue",NULL
927,Asus,"P8H61-I (REV 3.0)",LGA1155,"Mini ITX",2,"{'total': 16000000000}",NULL,NULL
928,Asus,"P8H61-I R2.0",LGA1155,"Mini ITX",2,"{'total': 16000000000}","Black / Blue",NULL
929,Asus,"P8H61-M (REV 3.0)",LGA1155,"Micro ATX",2,"{'total': 16000000000}",NULL,NULL
930,Asus,"P8H61-M LE/CSM (REV 3.0)",LGA1155,"Micro ATX",2,"{'total': 16000000000}",NULL,NULL
931,Asus,"P8H61-M LE/CSM R2.0",LGA1155,"Micro ATX",2,"{'total': 16000000000}","Black / Blue",NULL
932,Asus,"P8H61-M LX (REV 3.0)",LGA1155,"Micro ATX",2,"{'total': 16000000000}",NULL,NULL
933,Asus,"P8H61-M LX PLUS (REV 3.0)",LGA1155,"Micro ATX",2,"{'total': 16000000000}",NULL,NULL
934,Asus,"P8H61-M LX PLUS R2.0",LGA1155,"Micro ATX",2,"{'total': 16000000000}","Black / Blue",NULL
935,Asus,"P8H61-M LX3 R2.0",LGA1155,"Micro ATX",2,"{'total': 16000000000}","Black / Blue",NULL
936,Asus,P8H67,LGA1155,ATX,4,"{'total': 32000000000}",NULL,NULL
937,Asus,"P8H67-I DELUXE (REV 3.0)",LGA1155,"Mini ITX",2,"{'total': 16000000000}",NULL,NULL
938,Asus,P8H67-M,LGA1155,"Micro ATX",4,"{'total': 32000000000}",NULL,NULL
939,Asus,"P8H67-M EVO",LGA1155,"Micro ATX",4,"{'total': 32000000000}","Black / Blue",NULL
940,Asus,"P8H67-M EVO (REV 3.0)",LGA1155,"Micro ATX",4,"{'total': 32000000000}",NULL,NULL
941,Asus,"P8H67-M LE",LGA1155,"Micro ATX",2,"{'total': 16000000000}","Black / Blue",NULL
942,Asus,"P8H67-M LE (REV 3.0)",LGA1155,"Micro ATX",2,"{'total': 16000000000}",NULL,NULL
943,Asus,"P8H67-M LX",LGA1155,"Micro ATX",2,"{'total': 16000000000}","Black / Blue",NULL
944,Asus,"P8H67-M LX (REV 3.0)",LGA1155,"Micro ATX",2,"{'total': 16000000000}",NULL,NULL
945,Asus,"P8H67-M PRO",LGA1155,"Micro ATX",4,"{'total': 32000000000}",NULL,NULL
946,Asus,"P8H67-M PRO/CSM",LGA1155,"Micro ATX",4,"{'total': 32000000000}","Black / Blue",NULL
947,Asus,"P8H67-M PRO/CSM (REV 3.0)",LGA1155,"Micro ATX",4,"{'total': 32000000000}",NULL,NULL
948,Asus,P8H67-V,LGA1155,ATX,4,"{'total': 32000000000}","Black / Blue",NULL
949,Asus,"P8H67-V (REV 3.0)",LGA1155,ATX,4,"{'total': 32000000000}",NULL,NULL
950,Asus,P8H77-I,LGA1155,"Mini ITX",2,"{'total': 16000000000}","Black / Blue",NULL
951,Asus,"P8H77-M LE",LGA1155,"Micro ATX",2,"{'total': 16000000000}","Black / Blue",NULL
952,Asus,"P8H77-M PRO",LGA1155,"Micro ATX",4,"{'total': 32000000000}",NULL,NULL
953,Asus,P8H77-M/CSM,LGA1155,"Micro ATX",4,"{'total': 32000000000}","Black / Blue",NULL
954,Asus,P8H77-V,LGA1155,ATX,4,"{'total': 32000000000}","Black / Blue",NULL
955,Asus,"P8H77-V LE",LGA1155,ATX,4,"{'total': 32000000000}","Black / Blue",NULL
956,Asus,P8P67,LGA1155,ATX,4,"{'total': 32000000000}","Black / Blue",NULL
957,Asus,"P8P67 (REV 3.0)",LGA1155,ATX,4,"{'total': 32000000000}",NULL,NULL
958,Asus,"P8P67 (REV 3.1)",LGA1155,ATX,4,"{'total': 32000000000}",NULL,NULL
959,Asus,"P8P67 Deluxe",LGA1155,ATX,4,"{'total': 32000000000}","Black / Blue",NULL
960,Asus,"P8P67 Deluxe (REV 3.0)",LGA1155,ATX,4,"{'total': 32000000000}",NULL,NULL
961,Asus,"P8P67 EVO",LGA1155,ATX,4,"{'total': 32000000000}","Black / Blue",NULL
962,Asus,"P8P67 EVO (REV 3.0)",LGA1155,ATX,4,"{'total': 32000000000}",NULL,NULL
963,Asus,"P8P67 LE",LGA1155,ATX,4,"{'total': 32000000000}","Black / Blue",NULL
964,Asus,"P8P67 LE (REV 3.0)",LGA1155,ATX,4,"{'total': 32000000000}",NULL,NULL
965,Asus,"P8P67 PRO",LGA1155,ATX,4,"{'total': 32000000000}","Black / Blue",NULL
966,Asus,"P8P67 PRO (REV 3.0)",LGA1155,ATX,4,"{'total': 32000000000}",NULL,NULL
967,Asus,"P8P67 PRO (REV 3.1)",LGA1155,ATX,4,"{'total': 32000000000}",NULL,NULL
968,Asus,"P8P67 WS Revolution",LGA1155,ATX,4,"{'total': 32000000000}",NULL,NULL
969,Asus,"P8P67 WS Revolution (REV 3.0)",LGA1155,ATX,4,"{'total': 32000000000}","Black / Blue",NULL
970,Asus,P8P67-M,LGA1155,"Micro ATX",4,"{'total': 32000000000}","Black / Blue",NULL
971,Asus,"P8P67-M (REV 3.0)",LGA1155,"Micro ATX",4,"{'total': 32000000000}",NULL,NULL
972,Asus,"P8P67-M PRO",LGA1155,"Micro ATX",4,"{'total': 32000000000}","Black / Blue",NULL
973,Asus,"P8P67-M PRO (REV 3.0)",LGA1155,"Micro ATX",4,"{'total': 32000000000}",NULL,NULL
974,Asus,"P8Q67-M DO/CSM (REV 3.0)",LGA1155,"Micro ATX",4,"{'total': 32000000000}",NULL,NULL
975,Asus,P8Q77-M/CSM,LGA1155,"Micro ATX",4,"{'total': 32000000000}","Black / Blue",NULL
976,Asus,"P8Z68 Deluxe",LGA1155,ATX,4,"{'total': 32000000000}","Black / Blue",NULL
977,Asus,"P8Z68 Deluxe/GEN3",LGA1155,ATX,4,"{'total': 32000000000}","Black / Blue",NULL
978,Asus,"P8Z68-M Pro",LGA1155,"Micro ATX",4,"{'total': 32000000000}","Black / Blue",NULL
979,Asus,P8Z68-V,LGA1155,ATX,4,"{'total': 32000000000}","Black / Blue",NULL
980,Asus,"P8Z68-V LE",LGA1155,ATX,4,"{'total': 32000000000}","Black / Blue",NULL
981,Asus,"P8Z68-V LX",LGA1155,ATX,4,"{'total': 32000000000}","Black / Blue",NULL
982,Asus,"P8Z68-V PRO",LGA1155,ATX,4,"{'total': 32000000000}","Black / Blue",NULL
983,Asus,"P8Z68-V PRO/GEN3",LGA1155,ATX,4,"{'total': 32000000000}","Black / Blue",NULL
984,Asus,P8Z68-V/GEN3,LGA1155,ATX,4,"{'total': 32000000000}","Black / Blue",NULL
985,Asus,"P8Z77 WS",LGA1155,ATX,4,"{'total': 32000000000}","Black / Blue",NULL
986,Asus,"P8Z77-I DELUXE/WD",LGA1155,"Mini ITX",2,"{'total': 16000000000}","Black / Blue",NULL
987,Asus,"P8Z77-I Deluxe",LGA1155,"Mini ITX",2,"{'total': 16000000000}","Black / Blue",NULL
988,Asus,P8Z77-M,LGA1155,"Micro ATX",4,"{'total': 32000000000}","Black / Blue",NULL
989,Asus,"P8Z77-M PRO",LGA1155,"Micro ATX",4,"{'total': 32000000000}","Black / Blue",NULL
990,Asus,P8Z77-V,LGA1155,ATX,4,"{'total': 32000000000}","Black / Blue",NULL
991,Asus,"P8Z77-V DELUXE",LGA1155,ATX,4,"{'total': 32000000000}","Black / Blue",NULL
992,Asus,"P8Z77-V LE",LGA1155,ATX,4,"{'total': 32000000000}","Black / Blue",NULL
993,Asus,"P8Z77-V LE PLUS",LGA1155,ATX,4,"{'total': 32000000000}","Black / Blue",NULL
994,Asus,"P8Z77-V LK",LGA1155,ATX,4,"{'total': 32000000000}","Black / Blue",NULL
995,Asus,"P8Z77-V LX",LGA1155,ATX,4,"{'total': 32000000000}","Black / Blue",NULL
996,Asus,"P8Z77-V PREMIUM",LGA1155,ATX,4,"{'total': 32000000000}","Black / Blue",NULL
997,Asus,"P8Z77-V PRO",LGA1155,ATX,4,"{'total': 32000000000}","Black / Blue",NULL
998,Asus,"P8Z77-V PRO/THNDRBLT",LGA1155,ATX,4,"{'total': 32000000000}","Black / Blue",NULL
999,Asus,"P8Z77-V PRO/THUNDERBOLT",LGA1155,ATX,4,"{'total': 32000000000}","Black / Blue",NULL
